returnMean,returnSD,Positions,ShortsOK
0.06574508699048741,0.15882310230515476,1,Shorts OK
0.5442884073493782,0.7911229659362861,1,Shorts OK
0.22065390967109028,0.36077950919710444,1,Shorts OK
0.3906311869485324,0.5963160097764196,1,Shorts OK
0.3606245547641981,0.45643082903879956,1,Shorts OK
0.2204953848642043,0.34528258423863606,1,Shorts OK
0.30598117663325863,0.3495496845759077,1,Shorts OK
0.1728239397690924,0.2113417950570248,1,Shorts OK
0.1221897280510725,0.1349979230241243,1,Shorts OK
0.3034869354592706,0.4384179189849943,1,Shorts OK
-0.056997142224912686,0.1180033007983356,1,Shorts OK
0.2095664232438961,0.3069985637000836,1,Shorts OK
0.4534110779174062,0.6603991857389695,1,Shorts OK
0.21218688488013454,0.2786982032288979,1,Shorts OK
0.18364004450842267,0.2191086875126248,1,Shorts OK
0.09175243990518177,0.13021322150168643,1,Shorts OK
0.16375229398383404,0.2960891461455473,1,Shorts OK
0.3997346151861578,0.5093612415546765,1,Shorts OK
-0.02567980592727836,0.13578742058030135,1,Shorts OK
0.029353160093825235,0.1664451630481046,1,Shorts OK
0.4227614505099471,0.5805184898417148,1,Shorts OK
0.4262486474406452,0.6050780829694224,1,Shorts OK
0.3076693771211463,0.4678550210584473,1,Shorts OK
0.2741029443457716,0.31059464765499184,1,Shorts OK
0.3048775189646582,0.36611405697142174,1,Shorts OK
0.016513187407382918,0.0955086033931785,1,Shorts OK
0.18873722718536698,0.2858935527551331,1,Shorts OK
0.03928416803054367,0.10268892901612896,1,Shorts OK
0.05065688947171657,0.07627682856171779,1,Shorts OK
0.21850286183715087,0.2689855347728353,1,Shorts OK
-0.03130087707779165,0.11110903874413482,1,Shorts OK
0.24978694483526662,0.3610532810726128,1,Shorts OK
0.04343376853586508,0.1170205065887638,1,Shorts OK
0.3458240897653061,0.46707853634536833,1,Shorts OK
0.19636248524337577,0.24136832096877903,1,Shorts OK
0.015774427720270632,0.06898735639013846,1,Shorts OK
0.14357685723991895,0.2979980513728371,1,Shorts OK
0.017777048699872105,0.06306366100991471,1,Shorts OK
0.22427253760384575,0.3138517325761563,1,Shorts OK
0.2611691931833801,0.35830198388595025,1,Shorts OK
0.1766014668687103,0.22298656806682354,1,Shorts OK
0.09032631066533311,0.17591069912401294,1,Shorts OK
0.31927745908096317,0.43300932090893957,1,Shorts OK
0.21419729483755978,0.223647320880522,1,Shorts OK
0.19451753916795042,0.26692144485369146,1,Shorts OK
0.1704957709673995,0.17749002528388294,1,Shorts OK
0.010146345551177726,0.18551084538280802,1,Shorts OK
0.3711222712447996,0.5757159578063178,1,Shorts OK
0.3457175889046285,0.42267925051253447,1,Shorts OK
0.11344420124310907,0.20686842307358996,1,Shorts OK
0.1832481731402698,0.228013079278885,1,Shorts OK
0.18453441054308453,0.2946651570599645,1,Shorts OK
0.08667276964277944,0.11123136684528401,1,Shorts OK
0.1991072908411374,0.2082609988553117,1,Shorts OK
0.025271029675937254,0.0519701576592362,1,Shorts OK
0.16117424218207174,0.1676732812866445,1,Shorts OK
0.24744088762510225,0.332244799918101,1,Shorts OK
0.04832710606611238,0.11716054067042983,1,Shorts OK
0.3830188951174132,0.49390077909052116,1,Shorts OK
0.20246356145786767,0.26301042595343505,1,Shorts OK
0.13835053514354234,0.16907965672816355,1,Shorts OK
-0.027211601753287927,0.12585133194636375,1,Shorts OK
0.04776654619926792,0.12930724659660187,1,Shorts OK
0.26874698907948186,0.4008401536215491,1,Shorts OK
0.06834022221674291,0.07693574458448504,2,Shorts OK
0.17982818063749406,0.19833620134005778,1,Shorts OK
0.4448698853645324,0.5840005433316311,1,Shorts OK
0.1776143357848655,0.21078810771993362,1,Shorts OK
0.24513192364351538,0.30260015377309923,1,Shorts OK
0.11795672972390397,0.22354985378528203,1,Shorts OK
0.30227189641785646,0.3563494425529529,1,Shorts OK
0.18007646021564214,0.22653665653821914,1,Shorts OK
0.036944142618010725,0.16247856537888083,1,Shorts OK
0.33202522258477796,0.39975918233607044,1,Shorts OK
0.15828793359360868,0.27374692565742165,1,Shorts OK
0.04395509021206137,0.05730708830922353,2,Shorts OK
0.3018159285717233,0.4455439358623149,1,Shorts OK
0.16547161060251073,0.21215415836746643,1,Shorts OK
0.17623058848120846,0.2652962684353183,1,Shorts OK
0.3085802742711543,0.42945605222211725,1,Shorts OK
0.1125221149959121,0.23121794583522653,1,Shorts OK
-0.058057848331726704,0.1106925135487883,1,Shorts OK
0.171984099009453,0.22112954796257328,1,Shorts OK
0.22208709965368112,0.2896483887895768,1,Shorts OK
0.38657346080781035,0.5275310645232076,1,Shorts OK
0.2014606792198814,0.25577530050270925,1,Shorts OK
0.04204912062597828,0.09952814573825794,1,Shorts OK
0.3251470836809514,0.4987509302295781,1,Shorts OK
0.26839248106973523,0.2837707350400105,1,Shorts OK
0.15925924350904774,0.2135823276990402,1,Shorts OK
0.2659782108881714,0.36117508933185083,1,Shorts OK
0.19140770761023393,0.21235210362857643,1,Shorts OK
0.28480191334592403,0.3119303064677982,1,Shorts OK
0.26127223327256455,0.4249523521356885,1,Shorts OK
0.4199805199143499,0.6217703052369342,1,Shorts OK
0.393484902088105,0.4902349646487724,1,Shorts OK
0.012300988022384135,0.1096270361442945,1,Shorts OK
0.14064053816420186,0.18176330232918927,1,Shorts OK
0.337468889561078,0.42968826485641193,1,Shorts OK
0.3519354208753452,0.4151910841266841,1,Shorts OK
0.15450549197307187,0.17657551596431326,1,Shorts OK
0.34789037170184883,0.43427314443148796,1,Shorts OK
0.2505178730257862,0.3703510491267305,1,Shorts OK
0.37102173458646104,0.472221078893492,1,Shorts OK
0.1471729972416231,0.1903459698777066,1,Shorts OK
0.3274531467242641,0.4894255533326857,1,Shorts OK
-0.14695640276344282,0.3438514626662875,1,Shorts OK
0.16197916879078833,0.20991732971252589,1,Shorts OK
0.3020189985897932,0.46990501809600677,1,Shorts OK
-0.08469038976588326,0.26066180007382,1,Shorts OK
0.43168043703781955,0.6192333055464724,1,Shorts OK
0.09680396223686466,0.19838254494392954,1,Shorts OK
0.47521490258217,0.6322507476946456,1,Shorts OK
0.010289250276375504,0.1338340314087301,1,Shorts OK
0.4800812700019391,0.7121143753636852,1,Shorts OK
0.2263164987921529,0.34464227504402817,1,Shorts OK
0.16128188287863976,0.20157372338150875,1,Shorts OK
0.12064262625456015,0.17816304206012398,1,Shorts OK
0.26164825313421447,0.3479292483004455,1,Shorts OK
-0.043915651534379416,0.21726794343252753,1,Shorts OK
0.28538120350061436,0.4387745787130535,1,Shorts OK
0.11385160693905234,0.1728449208735265,1,Shorts OK
0.3473581852787609,0.45556505777965645,1,Shorts OK
0.09444505767481019,0.11604297250401976,2,Shorts OK
-0.002639500827877959,0.08568742473556291,1,Shorts OK
0.2982010789762912,0.3861279477030821,1,Shorts OK
0.2673000120574196,0.28728874417216455,1,Shorts OK
0.028019379255153548,0.10394351001665114,1,Shorts OK
0.18312478446237998,0.2954564068660248,1,Shorts OK
0.5013418663349729,0.751055772977915,1,Shorts OK
0.1563780356989148,0.2671243682705452,1,Shorts OK
0.4208359388256924,0.6027098518322943,1,Shorts OK
0.2733504276372273,0.39564539487506706,1,Shorts OK
0.45999005679201754,0.58837757492234,1,Shorts OK
0.13331169007634527,0.20558980108618763,1,Shorts OK
0.37241289607589706,0.5486275232815094,1,Shorts OK
0.1565711022002307,0.21046788048898185,1,Shorts OK
0.3253436836765391,0.4328708857596986,1,Shorts OK
0.152651897825861,0.28746340679524457,1,Shorts OK
0.02015014393964535,0.11960068785705369,1,Shorts OK
0.23787858258095476,0.3952966527309076,1,Shorts OK
0.370337563720122,0.45375410794424337,1,Shorts OK
-0.01248201043918601,0.15022442046171885,1,Shorts OK
0.15719891898057625,0.16910965893368982,1,Shorts OK
0.21895468607808205,0.3454971460462597,1,Shorts OK
0.21810159100867954,0.25472862028243193,1,Shorts OK
0.3922737283197623,0.5994409789716441,1,Shorts OK
0.3124220838743425,0.3898136964324669,1,Shorts OK
-0.06945555824412447,0.18955754080644452,1,Shorts OK
0.44416743256333935,0.5700694769034862,1,Shorts OK
0.06323248647888426,0.12054862908035892,1,Shorts OK
0.16655944540120782,0.2024805478780014,1,Shorts OK
0.17783069400606719,0.1968066593575736,1,Shorts OK
0.11768077918683563,0.15702539904349377,1,Shorts OK
0.32134202029770936,0.37067491871590785,1,Shorts OK
0.18522141101428652,0.2735677309851731,1,Shorts OK
0.056690612108805265,0.11506977852905302,1,Shorts OK
0.14141180984957685,0.15258401253833875,1,Shorts OK
0.2779615807692766,0.31451424643095477,1,Shorts OK
0.08918608334899951,0.09998231706347256,2,Shorts OK
0.21865484327587523,0.3525382481892826,1,Shorts OK
0.4205176425087188,0.5995989375606726,1,Shorts OK
0.05390856144812434,0.08795561527802633,1,Shorts OK
-0.13687006155425271,0.33756978642130797,1,Shorts OK
0.15937471317210428,0.19327673313561725,1,Shorts OK
0.22935779570258538,0.37402555607767185,1,Shorts OK
0.1731929703061415,0.24715470537647088,1,Shorts OK
0.37793827778684164,0.5435009694808224,1,Shorts OK
0.1996657128248158,0.2606141362726942,1,Shorts OK
-0.003068022412636963,0.09379612049063522,1,Shorts OK
0.38782204038590373,0.44980504196527776,1,Shorts OK
0.31845952949132705,0.39417930975794485,1,Shorts OK
0.17087002338457455,0.19958445725475674,2,Shorts OK
0.3838102146340467,0.4482404536933936,1,Shorts OK
0.07604063281264468,0.16892846691647218,1,Shorts OK
0.38300306315333094,0.43064630933882825,1,Shorts OK
0.26904945398640573,0.30331456301883897,1,Shorts OK
0.019804799124004433,0.09962095515010205,1,Shorts OK
0.1779563705116179,0.3342858751538748,1,Shorts OK
0.45609296564428453,0.5318265682992632,1,Shorts OK
0.24720094007742813,0.3566056505376448,1,Shorts OK
0.46751785936482276,0.6989083649322163,1,Shorts OK
0.25588212839833846,0.3857373315728488,1,Shorts OK
0.2539691247327884,0.35800888740993775,1,Shorts OK
0.23348793069013077,0.3549445480589023,1,Shorts OK
0.16008133730312415,0.22445706895630602,1,Shorts OK
-0.0809137378587195,0.2664920397599363,1,Shorts OK
0.15655936602832823,0.22355556164509433,1,Shorts OK
0.04315907014503622,0.0736852883926516,1,Shorts OK
0.3319862889915129,0.49504539328415736,1,Shorts OK
0.10119433864467713,0.18837409320878215,1,Shorts OK
0.06877992288216214,0.16439449069295198,1,Shorts OK
0.24995126530512693,0.37040109025467927,1,Shorts OK
0.1102235036367216,0.16505746677503128,1,Shorts OK
-0.05806657324676706,0.14766120315692519,1,Shorts OK
0.30454114658021925,0.4644176300806546,1,Shorts OK
0.33954451005490877,0.373400507973256,1,Shorts OK
0.11890530595013642,0.13052040815949814,2,Shorts OK
0.16016631485689048,0.2380998930052107,1,Shorts OK
0.26708055725230767,0.4197243272339165,1,Shorts OK
0.36196108099286145,0.44263065920532496,1,Shorts OK
0.2580322409063591,0.33708671762992076,1,Shorts OK
0.1250094855860643,0.19249260000006754,1,Shorts OK
0.3288957226224111,0.4307235300417095,1,Shorts OK
0.20576196680123449,0.2887880849798052,1,Shorts OK
-0.08705660101412603,0.18729825519604518,1,Shorts OK
0.16987464359569604,0.2459354631799054,1,Shorts OK
0.40219274278739575,0.5107010232719144,1,Shorts OK
0.1633640925307682,0.17555487804629,1,Shorts OK
0.25476921751648524,0.314686394924735,1,Shorts OK
0.2228959082332687,0.31587954028176624,1,Shorts OK
0.3936948578921345,0.4741202066066787,1,Shorts OK
0.42533426428400806,0.4909221435878937,1,Shorts OK
0.38790757805888265,0.5557244767077237,1,Shorts OK
0.421704739763018,0.6421447288627178,1,Shorts OK
0.2112869707487127,0.2745927424619256,1,Shorts OK
0.3442999827340517,0.380843609486275,1,Shorts OK
0.2087538399460479,0.23834719437774554,1,Shorts OK
0.1200805681234851,0.2095159690975304,1,Shorts OK
0.06555038238643068,0.11153770759501516,1,Shorts OK
0.27197155746313173,0.3053088951393923,1,Shorts OK
0.25246721011526996,0.2858289693298897,1,Shorts OK
0.37743275787294045,0.57155826878225,1,Shorts OK
0.19742690746692493,0.295362339639072,1,Shorts OK
0.2797668414643972,0.3615345555089609,1,Shorts OK
0.020152053124918724,0.08755404970441304,1,Shorts OK
0.0540673769233031,0.07238412504422444,1,Shorts OK
0.33337577927181594,0.37650168679154344,1,Shorts OK
0.1286519134785527,0.13676518346789127,1,Shorts OK
0.35822078536995716,0.5554183821851435,1,Shorts OK
0.24570997240230252,0.30485102595433794,1,Shorts OK
0.029139453227937772,0.07895000111778405,1,Shorts OK
0.2726020945642614,0.4356663297055928,1,Shorts OK
0.33908953669499625,0.47498583410356643,1,Shorts OK
0.17049844768258424,0.301996493246821,1,Shorts OK
0.2041228964821294,0.251260665273239,1,Shorts OK
0.08030034532273685,0.11765987278471332,1,Shorts OK
0.14428651183256352,0.23491953128523368,1,Shorts OK
0.14817880364625322,0.2119097779998489,1,Shorts OK
0.10899664518120328,0.18464358969517203,1,Shorts OK
0.16725861005322734,0.23017979779559639,1,Shorts OK
0.2878483776051625,0.42268312042281225,1,Shorts OK
0.08890464545070394,0.1308921278814355,1,Shorts OK
0.3009836339769735,0.47118694194089555,1,Shorts OK
0.07724067163645794,0.17145761860351003,1,Shorts OK
0.21488243492024695,0.23258976337659107,1,Shorts OK
0.3889815094747522,0.5722562561747551,1,Shorts OK
0.11029646657410631,0.20762738920313797,1,Shorts OK
0.20942702340087668,0.31761931395944065,1,Shorts OK
0.2862635473974947,0.42824418954687454,1,Shorts OK
0.2418021892955644,0.31557413206367385,1,Shorts OK
0.19928423620921995,0.23206523449659325,1,Shorts OK
0.16209427014503516,0.1975815324599829,1,Shorts OK
-0.05695465425947209,0.1601815419863456,1,Shorts OK
0.35828980953606354,0.4312938751579391,1,Shorts OK
0.04442650397840346,0.1740857869743097,1,Shorts OK
0.16396329593696873,0.17445489823160135,1,Shorts OK
0.029902240734976552,0.09231549570308833,1,Shorts OK
0.34799829210179667,0.44791604317945694,1,Shorts OK
0.09771454942203633,0.1962665530471041,1,Shorts OK
0.325824945671121,0.49605811866377986,1,Shorts OK
0.19760665056174936,0.22497619931543508,1,Shorts OK
0.2974471848594258,0.37212001293377206,1,Shorts OK
0.1261451677826964,0.21687603422354176,1,Shorts OK
0.3389685428190752,0.4343653162421628,1,Shorts OK
0.23659246078335214,0.36035634530343835,1,Shorts OK
-0.12676789614201858,0.31900877213743206,1,Shorts OK
0.09133059541517835,0.139943537276635,1,Shorts OK
0.06337485061985342,0.08289839930825837,1,Shorts OK
0.2270158021231267,0.2929801703012243,1,Shorts OK
0.464881560151624,0.6962004706631472,1,Shorts OK
0.15636409875276833,0.1769944509963807,1,Shorts OK
0.32728901484448936,0.4983127196131655,1,Shorts OK
0.2285246534765442,0.298135923333069,1,Shorts OK
0.0699725724533255,0.17661322062643042,1,Shorts OK
0.41095751970248257,0.5689813477659337,1,Shorts OK
0.44932374383769585,0.6623676508534384,1,Shorts OK
0.38960165319985685,0.5661526159466571,1,Shorts OK
0.2783298891062842,0.40834465919514396,1,Shorts OK
0.07372643643917443,0.14769013800052744,1,Shorts OK
0.30716368318995807,0.3552669003065798,1,Shorts OK
0.23584593972281367,0.39011573630546,1,Shorts OK
0.2678763639006305,0.2980518749648738,1,Shorts OK
0.07513452991613755,0.10970191401166213,1,Shorts OK
0.22783766064556962,0.26055023583741516,1,Shorts OK
0.13907471139919717,0.17667644300644295,1,Shorts OK
0.11298917285331855,0.1848992627172758,1,Shorts OK
0.19123258969394516,0.3274101032502474,1,Shorts OK
0.33319406949396563,0.44793373303270617,1,Shorts OK
0.08962142995229032,0.21442127132814431,1,Shorts OK
0.22915925424135383,0.2928071228305139,1,Shorts OK
0.21966762027287842,0.3621814679505214,1,Shorts OK
0.4342068083781916,0.6030948760018919,1,Shorts OK
0.3472076786110104,0.45167734701016415,1,Shorts OK
0.1643931506072716,0.17824650045142185,1,Shorts OK
0.2954964545265103,0.3484439187585157,1,Shorts OK
0.3686358544306815,0.5541073245421232,1,Shorts OK
0.20133023276160023,0.2096029310323815,1,Shorts OK
0.18933532679845674,0.20071876964659527,1,Shorts OK
0.16676682504782742,0.2404114458477257,1,Shorts OK
0.2964706328221173,0.36839849702818106,1,Shorts OK
0.20802486256211142,0.22923455344500532,1,Shorts OK
0.2949142168406309,0.31813692479196315,1,Shorts OK
0.13201845594482542,0.2519040775425865,1,Shorts OK
0.032330233945833724,0.13007233480278513,1,Shorts OK
0.14252539022916164,0.14935726037956706,1,Shorts OK
0.27569515845444814,0.4546368336581201,1,Shorts OK
0.06175356218710385,0.0959263024876207,1,Shorts OK
0.25911607715749696,0.3943181392789893,1,Shorts OK
0.45614306611115,0.6647690117495926,1,Shorts OK
0.008690046085906384,0.11582879731051042,1,Shorts OK
0.11694179719636541,0.14504561329234977,1,Shorts OK
0.14111097969768224,0.28563726633827374,1,Shorts OK
0.3260667836171068,0.4116123740420142,1,Shorts OK
0.01568715272170488,0.15506424479853506,1,Shorts OK
0.33148737718881705,0.40410939532085266,1,Shorts OK
0.2467938323455308,0.38040655424315883,1,Shorts OK
0.1429146646632069,0.18911236359346983,1,Shorts OK
0.19713599249583272,0.3182319971453172,1,Shorts OK
0.03108704560166068,0.16152330492745093,1,Shorts OK
0.26698715332817813,0.285314868497395,1,Shorts OK
0.2643541877492812,0.28694426513581983,1,Shorts OK
0.12581644461182026,0.1463250051851685,1,Shorts OK
0.09398433219076215,0.13609307035380477,1,Shorts OK
0.223284712257565,0.33518368387782804,1,Shorts OK
0.093912310245455,0.10036143858712203,1,Shorts OK
0.29497737904028176,0.43886201998973823,1,Shorts OK
0.3404610572340222,0.4388450383812665,1,Shorts OK
-0.02588931027517158,0.08033217751306136,1,Shorts OK
0.07859208883574051,0.08514034260787262,1,Shorts OK
0.23591819916724324,0.2569526086887332,1,Shorts OK
0.37479368648096545,0.48403789713337536,1,Shorts OK
0.27651739298748235,0.37620694252090087,1,Shorts OK
0.084588438867897,0.11838976827249893,1,Shorts OK
0.24379678949191372,0.31797971110939927,1,Shorts OK
0.24277932184891376,0.27700739443218464,1,Shorts OK
0.16215615232611336,0.17626158034722908,1,Shorts OK
0.14791934485004024,0.17771438545679016,2,Shorts OK
0.21618798515602686,0.268177187710705,1,Shorts OK
0.20405451207600808,0.2157389088921233,1,Shorts OK
0.23098762588277155,0.2637041855749683,1,Shorts OK
0.06553489375217049,0.0799830867243059,1,Shorts OK
0.4044769228287649,0.4511828187251056,1,Shorts OK
0.17963188988992349,0.18726232586848443,1,Shorts OK
0.20363068178969834,0.35800736816615836,1,Shorts OK
0.3731423682954068,0.4820276303698595,1,Shorts OK
0.3189847107378993,0.42594263289652756,1,Shorts OK
0.29835619956178155,0.33927255782178034,1,Shorts OK
0.08398681704639606,0.10162808178634522,1,Shorts OK
0.011001209488606055,0.11538412090324911,1,Shorts OK
0.1556989160624877,0.21162495739455042,1,Shorts OK
0.2851033198924257,0.38429104618057947,1,Shorts OK
0.26099656636327456,0.30936568952154997,1,Shorts OK
0.1969918738564138,0.3674536991060744,1,Shorts OK
0.15601431502178156,0.18799096920070513,1,Shorts OK
0.33172511456368964,0.45507413101717,1,Shorts OK
0.4388680818735853,0.626542447332786,1,Shorts OK
0.1203126107289337,0.179111276862893,1,Shorts OK
0.12828417089261487,0.23528306435860377,1,Shorts OK
0.13056084055860614,0.1374197794068882,1,Shorts OK
0.38338065543006433,0.5129871569132395,1,Shorts OK
0.3743986069968359,0.41439224430523225,1,Shorts OK
0.1625079420543192,0.2233688212040507,1,Shorts OK
0.28286030184224037,0.37425090947890344,1,Shorts OK
0.014554636205340043,0.13305536624249145,1,Shorts OK
0.28175511306463946,0.4550173181250692,1,Shorts OK
0.2472893213384558,0.350332496511626,1,Shorts OK
0.2505912617963861,0.3233726535822951,1,Shorts OK
0.3313076140995761,0.4370433209391916,1,Shorts OK
0.26036251401980964,0.428223107866543,1,Shorts OK
0.4081228850783735,0.49050200315710907,1,Shorts OK
0.24419962391166666,0.3023889997733942,1,Shorts OK
0.24786577751114075,0.3020485711168916,1,Shorts OK
0.05441824402285513,0.07318061739053157,2,Shorts OK
0.49357126967782927,0.7189512870386793,1,Shorts OK
0.3692335950773825,0.43016967014172885,1,Shorts OK
0.22596142290354537,0.24080830980360096,1,Shorts OK
0.20711883573564316,0.3338249282861602,1,Shorts OK
0.32660859166274814,0.4358430110814093,1,Shorts OK
0.04847048497445523,0.15847985859141475,1,Shorts OK
0.42156149949674454,0.6416688879948479,1,Shorts OK
0.24733450354600425,0.36000043099992907,1,Shorts OK
0.31758261711673413,0.46799149377840227,1,Shorts OK
0.07476643614026203,0.09052282034596797,1,Shorts OK
0.4182649920363287,0.5390700999950543,1,Shorts OK
0.06868513930442646,0.08789861707752455,2,Shorts OK
0.3950585349532059,0.5891968457116211,1,Shorts OK
-0.10042130950513886,0.27825652964175945,1,Shorts OK
0.1601587935641294,0.16744843565358214,1,Shorts OK
0.17872805515466872,0.22521399486863625,1,Shorts OK
0.4205280510118984,0.5236390644218741,1,Shorts OK
-0.032837780426381,0.19229410513015488,1,Shorts OK
0.02678700501838969,0.14690995751223643,1,Shorts OK
0.02037347843837061,0.14847931423741667,1,Shorts OK
0.1551259307905377,0.26678812980180755,1,Shorts OK
0.09162744893355096,0.20759220142057744,1,Shorts OK
0.04039719728222729,0.12002528459142647,1,Shorts OK
0.34693741580904813,0.39031769967849855,1,Shorts OK
0.2466607036621667,0.35642786182622765,1,Shorts OK
0.25531707250829516,0.41398305041942607,1,Shorts OK
0.003859389449232345,0.10399535385134856,1,Shorts OK
0.16389679497661344,0.2601181514356491,1,Shorts OK
0.27809516699908354,0.39085013879497993,1,Shorts OK
0.2568506835007987,0.3823369288644004,1,Shorts OK
0.03698952096254042,0.05951887202002721,1,Shorts OK
-0.04223103432535191,0.20736489266308777,1,Shorts OK
0.17799543528316056,0.265653697764861,1,Shorts OK
-0.0692142011661375,0.2553100370562977,1,Shorts OK
0.379020656458854,0.4464282080999694,1,Shorts OK
0.31981037136388074,0.47233874477008814,1,Shorts OK
0.033783522700096144,0.0702000212824435,1,Shorts OK
0.3099866419922484,0.3968106260804031,1,Shorts OK
0.017982728237517277,0.09438023713978792,1,Shorts OK
0.12859906229788695,0.16067197293321175,1,Shorts OK
0.10667229140318653,0.13331642909161096,2,Shorts OK
-0.09404669206700102,0.2709325572900963,1,Shorts OK
0.4710337628808754,0.6608432596054507,1,Shorts OK
0.11125379042469012,0.18238526077144193,1,Shorts OK
0.31711935648541545,0.42521617370536974,1,Shorts OK
0.13365003529215982,0.27156496143638953,1,Shorts OK
0.04729248420279016,0.05943959920047642,2,Shorts OK
0.40839815577204586,0.6358331912581503,1,Shorts OK
0.3472813431736183,0.42208533528211684,1,Shorts OK
0.1462500815565143,0.18267314645268354,1,Shorts OK
0.2104661846832087,0.25907262221894284,1,Shorts OK
0.3712577431115154,0.41876476487927683,1,Shorts OK
0.24265696742814732,0.28354594746476425,1,Shorts OK
0.3100592973037104,0.3413271583053688,1,Shorts OK
0.22972379236307458,0.3302250187710096,1,Shorts OK
0.42298162472372247,0.5532394213431857,1,Shorts OK
0.33005847511613473,0.37837483665409793,1,Shorts OK
0.21753022758873597,0.26040310104954095,1,Shorts OK
0.40365700752937805,0.5974377639640904,1,Shorts OK
0.07098594011575043,0.08522413623026465,1,Shorts OK
0.12107879448673271,0.12890447375020533,1,Shorts OK
0.4298660142078142,0.585121472886325,1,Shorts OK
0.21737125766355958,0.3671057575695929,1,Shorts OK
0.1981600142492128,0.3257743909641269,1,Shorts OK
0.30968342412576555,0.46590586959612623,1,Shorts OK
0.15931258762485828,0.23445533988441689,1,Shorts OK
0.2487279850960843,0.27948595833083983,1,Shorts OK
0.12926368991008952,0.22649430792198874,1,Shorts OK
0.19475218799922564,0.3485986871883139,1,Shorts OK
0.22961427798212705,0.26410463006822055,1,Shorts OK
0.09690287436052766,0.14613129510574768,1,Shorts OK
0.06540771882419784,0.10825620634711679,1,Shorts OK
0.028574941781321566,0.09854986563309145,1,Shorts OK
0.3078308618567087,0.38222985541607535,1,Shorts OK
0.2617226097827907,0.28798491400332815,1,Shorts OK
-0.04414501337928492,0.11940160229880263,1,Shorts OK
0.2687139910573979,0.4357481926769197,1,Shorts OK
0.27306516935114855,0.36713229127136493,1,Shorts OK
0.23958088840645428,0.3525768731207253,1,Shorts OK
0.39504661340027447,0.5788423309126912,1,Shorts OK
0.2552412269536817,0.3327476598027171,1,Shorts OK
-0.0068518278890265585,0.12423049155156812,1,Shorts OK
0.12184822839858425,0.19862788963479538,1,Shorts OK
0.340936171438597,0.5251050604749711,1,Shorts OK
0.11203658321396356,0.1198097964830553,2,Shorts OK
-0.07312219797220432,0.15941080746319303,1,Shorts OK
0.1835402281305554,0.23032492238537702,1,Shorts OK
0.05033510202960274,0.09589228304041154,1,Shorts OK
0.37881028602991995,0.5250631752645086,1,Shorts OK
0.10028780829481107,0.12193205493875649,2,Shorts OK
0.21448079273998238,0.2800795225280467,1,Shorts OK
0.2025615767160279,0.3585165589178244,1,Shorts OK
0.30401111552896504,0.49594605391616375,1,Shorts OK
0.39874850414340535,0.5213132928774977,1,Shorts OK
0.2668387995996368,0.445423367224237,1,Shorts OK
0.06228279597310562,0.0753985800813384,2,Shorts OK
-0.04037278358938566,0.14960000660162992,1,Shorts OK
0.056825784858238325,0.14136785664542387,1,Shorts OK
0.08983077121948543,0.11898404103412878,2,Shorts OK
0.23204892769833363,0.2793238054335845,1,Shorts OK
0.15726237319718575,0.16373738744741395,1,Shorts OK
0.25988340673588256,0.3010347578589296,1,Shorts OK
0.23005229304022148,0.2754624269794349,1,Shorts OK
0.08734656492154252,0.11584983096919704,1,Shorts OK
0.1272569647159446,0.14794614786623647,2,Shorts OK
0.16065734662615103,0.19999874982385668,1,Shorts OK
0.1885394564313546,0.22249314560989117,1,Shorts OK
0.02887068841223278,0.14407043764691096,1,Shorts OK
-0.026364231320829774,0.07777248967902138,1,Shorts OK
0.3117919816083342,0.3496884225629739,1,Shorts OK
0.4979478984447389,0.6489669380128387,1,Shorts OK
0.2998669407408479,0.3559535999685694,1,Shorts OK
0.35715126266410224,0.46665101639641565,1,Shorts OK
-0.012359406224335052,0.08547057148864964,1,Shorts OK
-0.021771468253774264,0.17688927426708287,1,Shorts OK
0.23618362254068553,0.2535585321257838,1,Shorts OK
0.17890870912327297,0.24715041233380594,1,Shorts OK
0.3497380095637506,0.48147969266028007,1,Shorts OK
0.31230171320124694,0.36962821251905714,1,Shorts OK
-0.048915488097372464,0.18362903038502393,1,Shorts OK
0.2567216183019654,0.3070967777858712,1,Shorts OK
0.1616774287525352,0.20229192639004046,1,Shorts OK
0.17707521461074863,0.2553550515243288,1,Shorts OK
0.24887748746734298,0.2732403614204539,1,Shorts OK
0.17439740596267167,0.281023210480534,1,Shorts OK
0.4209005788720807,0.6195100558938653,1,Shorts OK
0.10963674937573609,0.13156554461380987,2,Shorts OK
0.30589655403362204,0.34409160308841263,1,Shorts OK
0.3345989190431086,0.45315265831918133,1,Shorts OK
0.20496982399446137,0.24704417714243504,1,Shorts OK
0.14403431396293606,0.1727407967499933,1,Shorts OK
0.16157453336890176,0.19989136531471435,1,Shorts OK
0.4723423405692199,0.6649894259713345,1,Shorts OK
0.03001334589635162,0.1634980544440143,1,Shorts OK
0.06986741600410848,0.18189877066725035,1,Shorts OK
-0.04328211034962734,0.08934974785080292,1,Shorts OK
0.15344399983790505,0.24055159466628193,1,Shorts OK
0.3275347408899041,0.40975763864489706,1,Shorts OK
0.3466200824501584,0.3922681952492815,1,Shorts OK
-0.04115895036001669,0.12554595902917462,1,Shorts OK
0.12515720826179172,0.2654281772014151,1,Shorts OK
0.1775310975040157,0.2351859498869518,1,Shorts OK
0.27145023444994265,0.3530340957747629,1,Shorts OK
0.26928508494223463,0.35247734027934113,1,Shorts OK
0.29716027926549754,0.395725148745144,1,Shorts OK
0.3660601833831767,0.5137289840410563,1,Shorts OK
0.407720491766693,0.5346731036480918,1,Shorts OK
0.25658893393039456,0.27508555567856857,1,Shorts OK
0.06472254564431654,0.14137632555986704,1,Shorts OK
0.21244393811607645,0.3109168850538724,1,Shorts OK
0.35424231563777164,0.40704035025132285,1,Shorts OK
0.07410112591719303,0.19831655793247036,1,Shorts OK
0.20830690206050537,0.27218498112466893,1,Shorts OK
0.2086240197591549,0.3808522021665263,1,Shorts OK
0.023518875522840845,0.13937272292402655,1,Shorts OK
0.0403464437691458,0.05626585782215712,1,Shorts OK
0.17533062568005003,0.3253718773853112,1,Shorts OK
0.1468628309482096,0.16047968148229141,2,Shorts OK
0.2645970264985191,0.37206177881500324,1,Shorts OK
0.11201367810481745,0.1244907806569456,1,Shorts OK
0.035019526745073706,0.06847623865816073,1,Shorts OK
0.03366686809080514,0.1561705013971489,1,Shorts OK
0.24916620838927192,0.29571998592436927,1,Shorts OK
0.2945697455187317,0.40249558432970833,1,Shorts OK
0.22801555730344936,0.37830301376772363,1,Shorts OK
0.04880427051937202,0.08932572916695022,1,Shorts OK
0.3106692197981766,0.42931204643740173,1,Shorts OK
-0.031414916183237176,0.14631087177818655,1,Shorts OK
0.03691399010792089,0.07336573881953672,1,Shorts OK
0.3547748955797857,0.5228944158923656,1,Shorts OK
0.2370468508942618,0.31066364707177846,1,Shorts OK
0.5139506569627176,0.7437971022509378,1,Shorts OK
0.24415622471670073,0.2745231091915255,1,Shorts OK
0.17537131977504597,0.3174741494439897,1,Shorts OK
0.0012568695983683708,0.06340102591353011,1,Shorts OK
0.25901126243891065,0.3556559119036855,1,Shorts OK
0.28171726939929775,0.42303512233736407,1,Shorts OK
0.17593647944898264,0.2953861163103584,1,Shorts OK
0.11160952963125569,0.14259868574449602,1,Shorts OK
0.07711190817104258,0.1104916422485063,1,Shorts OK
0.24110065724686158,0.347089776563776,1,Shorts OK
0.4343692279968505,0.5647011944242034,1,Shorts OK
0.0017492592424582548,0.07179015741274358,1,Shorts OK
0.2545183716489971,0.4283159888034597,1,Shorts OK
-0.06441298101751093,0.17799452047586836,1,Shorts OK
0.2960135056907171,0.4498717942216173,1,Shorts OK
0.42407219999071905,0.6526417146882963,1,Shorts OK
0.3956173236873186,0.5710194926492853,1,Shorts OK
0.26701154502530733,0.2837216323750323,1,Shorts OK
0.14532119239319638,0.17480892806652704,1,Shorts OK
0.23534927397302363,0.25116894703051623,1,Shorts OK
0.03276944390932374,0.1805436991669712,1,Shorts OK
0.23191096952704054,0.3109651580778316,1,Shorts OK
0.38733385038321955,0.4335829630507168,1,Shorts OK
0.21133219456158583,0.3802013040583942,1,Shorts OK
0.17759867690052739,0.2914689633603043,1,Shorts OK
0.43665413691621113,0.5769827496510153,1,Shorts OK
0.1858644319989119,0.23710661377585926,1,Shorts OK
0.09568187366812651,0.14568062712429589,1,Shorts OK
0.3902441997687873,0.479574204326779,1,Shorts OK
0.39199769885363667,0.4482664092375034,1,Shorts OK
0.004152116959824052,0.11552011068524264,1,Shorts OK
0.1262398982181146,0.1419619072328341,2,Shorts OK
0.10134055025281151,0.13619600116580516,1,Shorts OK
0.2686230985694364,0.3028547392919313,1,Shorts OK
0.3660569339248843,0.577351983575707,1,Shorts OK
0.02325418397436768,0.10273661862205796,1,Shorts OK
0.13926425501523518,0.16276618199585766,1,Shorts OK
0.05820422888605087,0.09112004645935358,1,Shorts OK
0.13977617663632064,0.18970185555483163,1,Shorts OK
0.19048356574205116,0.1996502560076383,1,Shorts OK
0.1825500980653926,0.31504656619644383,1,Shorts OK
0.17921389713106758,0.21552096948323346,1,Shorts OK
0.2609322843919764,0.41337191654242905,1,Shorts OK
0.37891967957997474,0.46517006783414816,1,Shorts OK
0.3883526875909643,0.5189177075883659,1,Shorts OK
0.14570390862527408,0.1683973983748191,1,Shorts OK
0.25669756187152115,0.4051847574630691,1,Shorts OK
0.21318849353727967,0.23551551426106934,1,Shorts OK
0.28815679089850016,0.46363269653280753,1,Shorts OK
0.11897554840283846,0.1674120828374978,1,Shorts OK
0.11316122687890155,0.12394011616678186,1,Shorts OK
0.3323462449636326,0.41300626895465714,1,Shorts OK
0.1264240031255393,0.1889087856728203,1,Shorts OK
0.22726447374566752,0.2506984355519958,1,Shorts OK
0.4234646646397348,0.6220701720425917,1,Shorts OK
0.10632278835403304,0.15282718588949926,1,Shorts OK
0.2677284427069758,0.2875055404961023,1,Shorts OK
0.1406812476840978,0.1718129919836309,1,Shorts OK
0.15153654124868512,0.15832535694412064,1,Shorts OK
0.20954289315987856,0.34918304385389975,1,Shorts OK
0.4039394743922068,0.6191473994110064,1,Shorts OK
0.028324200913992712,0.14012746841134666,1,Shorts OK
0.19497860599855496,0.2088325022266463,1,Shorts OK
0.05956120660956153,0.12725765617974394,1,Shorts OK
0.059077185133604236,0.11219596579048009,1,Shorts OK
0.31119811432412675,0.4692811668579653,1,Shorts OK
0.1988695276323327,0.20969166509649906,1,Shorts OK
0.39116731283812206,0.4406632365490565,1,Shorts OK
0.08889756411755664,0.13319144609200428,1,Shorts OK
0.22164084058706995,0.2566362123311951,1,Shorts OK
0.2370871688467024,0.29374151650085817,1,Shorts OK
0.16454512099204247,0.20432368461243364,1,Shorts OK
0.28708132760048644,0.38563636578029226,1,Shorts OK
0.38868412202052477,0.5077947029806517,1,Shorts OK
0.10200865400286244,0.1307587637080507,2,Shorts OK
0.3592735864039057,0.5187056927621494,1,Shorts OK
0.24405866803258067,0.4257278857102579,1,Shorts OK
0.2652528872969591,0.3934421843220997,1,Shorts OK
0.11637741253284323,0.14166593215903572,1,Shorts OK
0.2819371104652652,0.3919747375354624,1,Shorts OK
0.3405523579282275,0.42930925825648336,1,Shorts OK
0.27923286052702945,0.3502098754706001,1,Shorts OK
0.33494490967900875,0.4418219486344246,1,Shorts OK
0.01690007103588862,0.09801130759680958,1,Shorts OK
0.22304670028253884,0.28653628827309785,1,Shorts OK
-0.03233399421718801,0.24139062822298302,1,Shorts OK
0.10614151790102548,0.17931916181804117,1,Shorts OK
0.13773898971989967,0.2627747320912932,1,Shorts OK
0.020369180895156696,0.19301594490660476,1,Shorts OK
0.14398269640021658,0.18250643691468516,1,Shorts OK
-0.013494325086337088,0.15423353441413018,1,Shorts OK
0.3295412796165984,0.36352427428466555,1,Shorts OK
0.11763371162917678,0.19325371442237801,1,Shorts OK
0.18926369808203625,0.32312901802690075,1,Shorts OK
0.10661370603531341,0.1227780598517958,1,Shorts OK
0.3055401658255722,0.33199846454138726,1,Shorts OK
-0.06723438799225889,0.25045718037154757,1,Shorts OK
0.14298116900169763,0.21160771672497075,1,Shorts OK
0.08140228472684147,0.0960812857425338,1,Shorts OK
0.1986666626153689,0.2171121297332575,1,Shorts OK
0.14196487696317706,0.18555109492878447,1,Shorts OK
0.19381670431940726,0.28469389436828646,1,Shorts OK
0.40031919046522463,0.5442492676669807,1,Shorts OK
0.09089638952252474,0.1178827929079036,1,Shorts OK
0.2288168267018917,0.2618309766475803,1,Shorts OK
0.4262845670439263,0.6284512153349239,1,Shorts OK
0.38342147597820114,0.45242220676517064,1,Shorts OK
0.26831105556851204,0.33395115214515947,1,Shorts OK
0.23239379514523348,0.34031853337579077,1,Shorts OK
0.25780096161301785,0.2748334575834107,1,Shorts OK
0.14897499295520114,0.22235247768092295,1,Shorts OK
0.09996620225891302,0.10495334271278396,1,Shorts OK
0.3480242076317611,0.484979628004268,1,Shorts OK
0.40129127609150106,0.5236446366656554,1,Shorts OK
0.1951207522603547,0.27717243219029536,1,Shorts OK
0.20607529318114817,0.2829881225405792,1,Shorts OK
0.2693959929616988,0.3824850038837387,1,Shorts OK
-0.05148450600006805,0.21137305056833916,1,Shorts OK
0.42625703234481405,0.4873916709872241,1,Shorts OK
0.0977183692949778,0.11203496497483686,2,Shorts OK
0.3302178187522381,0.4089430799574584,1,Shorts OK
0.20592351422757102,0.2564293387316588,1,Shorts OK
0.18826152949188626,0.3240351877063064,1,Shorts OK
0.28995019979044057,0.3159157856306478,1,Shorts OK
-0.08031252600716372,0.1841073398970258,1,Shorts OK
0.33550085925749706,0.4758668631262774,1,Shorts OK
0.02473815580057614,0.0850351046550119,1,Shorts OK
0.14785222755859373,0.2724812135170792,1,Shorts OK
0.2598470228293578,0.4332620763843311,1,Shorts OK
0.2675934597740182,0.3390917989343965,1,Shorts OK
0.1657292411571576,0.1995514671310593,1,Shorts OK
0.29014720966410784,0.31601335352586946,1,Shorts OK
0.09946812877700636,0.17634533042442155,1,Shorts OK
0.19085917876126582,0.32993688841911667,1,Shorts OK
0.3874954221072939,0.5538951077521715,1,Shorts OK
0.2839408210027902,0.44795830359880023,1,Shorts OK
0.29677192586525236,0.4556807190287087,1,Shorts OK
0.09917817435758382,0.171095608293142,1,Shorts OK
-0.04348917964755183,0.09651365038322803,1,Shorts OK
0.3394723911758578,0.4038589348299867,1,Shorts OK
0.3202164398899219,0.38067485770652787,1,Shorts OK
0.3600934146629047,0.46946778775196796,1,Shorts OK
0.1590858037389089,0.28849098752822566,1,Shorts OK
0.04274567738412711,0.09970586052451544,1,Shorts OK
0.056423053096684966,0.0826060826040938,1,Shorts OK
0.19792543407802635,0.21018276134115488,1,Shorts OK
0.0322323686558853,0.11878249695358294,1,Shorts OK
0.20958905729511124,0.22960867353335396,1,Shorts OK
0.4362381151626392,0.5013088944729631,1,Shorts OK
0.23890825336399799,0.2895824769098102,1,Shorts OK
0.11487732760278513,0.15982166703075293,1,Shorts OK
0.33949053472165996,0.4752212517294837,1,Shorts OK
0.06319205750399222,0.20067166060511693,1,Shorts OK
0.07052050070363697,0.09071250601457266,1,Shorts OK
0.03936565964791856,0.09854262787107698,1,Shorts OK
0.10085863248461285,0.11479879285802229,2,Long Positions Only
0.0898715805478618,0.10701667341515299,2,Long Positions Only
0.10445846646783902,0.1304543318572898,2,Long Positions Only
0.10204101695092305,0.12072032445762959,2,Long Positions Only
0.10100315198621926,0.1192966515490056,2,Long Positions Only
0.11646498051004484,0.12378725513293928,2,Long Positions Only
0.07801265326952253,0.09373609307284111,2,Long Positions Only
0.06945453458101122,0.0889841469819568,2,Long Positions Only
0.07587046458933029,0.09158121076906693,2,Long Positions Only
0.11808142460857884,0.12903253920387878,2,Long Positions Only
0.13263279998720862,0.15183476945113544,2,Long Positions Only
0.12304463643013548,0.13806230261362046,2,Long Positions Only
0.05398602838983154,0.06547309700235024,2,Long Positions Only
0.08096428785374513,0.08755815734671239,2,Long Positions Only
0.12404185887379145,0.14992080900923913,2,Long Positions Only
0.12384388472674929,0.14564584799734542,2,Long Positions Only
0.09907948924770132,0.11215742428803281,2,Long Positions Only
0.11377943449842612,0.14192017183796862,2,Long Positions Only
0.1387545887930178,0.1638722345244049,2,Long Positions Only
0.11928396429393025,0.13070291454608657,2,Long Positions Only
0.06716184946381477,0.08323533589302046,2,Long Positions Only
0.10148398015727667,0.11173060635560071,2,Long Positions Only
0.08343944025512684,0.09526894948962523,2,Long Positions Only
0.14994962252684346,0.1677197560549626,2,Long Positions Only
0.10756912381387362,0.1258898204509292,2,Long Positions Only
0.11760296674447113,0.13719161153166384,2,Long Positions Only
0.09887908350876484,0.10878194953767019,2,Long Positions Only
0.08927326793668372,0.10398632964367824,2,Long Positions Only
0.1332384641690943,0.15578982636367592,2,Long Positions Only
0.11875001840464443,0.1273673472352246,2,Long Positions Only
0.07659135537205082,0.10236039379435971,2,Long Positions Only
0.07618438261352942,0.09346984628855935,2,Long Positions Only
0.15564498144844524,0.17194835152792987,2,Long Positions Only
0.09394583787530593,0.11269617502267532,2,Long Positions Only
0.1534503094145509,0.17567641482428464,2,Long Positions Only
0.14326380673595415,0.15659764006829577,2,Long Positions Only
0.10346444961251608,0.12129830611011233,2,Long Positions Only
0.12061947771512395,0.12850935733675853,2,Long Positions Only
0.11627714289985042,0.14012966426509446,2,Long Positions Only
0.08341402849805118,0.09258538234242289,2,Long Positions Only
0.079256023504142,0.10786575001540975,2,Long Positions Only
0.11388586149621018,0.13208958034585774,2,Long Positions Only
0.134018020273165,0.14143986155609217,2,Long Positions Only
0.09275640262115652,0.10425044561108827,2,Long Positions Only
0.13997003424902887,0.16036058423654787,2,Long Positions Only
0.10932532366387647,0.11984421278998572,2,Long Positions Only
0.0952222614601518,0.10167354100432546,2,Long Positions Only
0.1476627707202547,0.1807644382450421,2,Long Positions Only
0.0874112956571275,0.10822316331171579,2,Long Positions Only
0.09182580193274117,0.09789583378959585,2,Long Positions Only
0.10650607006877053,0.13566954789922456,2,Long Positions Only
0.11039501360825554,0.1323155997994854,2,Long Positions Only
0.12986578240728108,0.15326408704958364,2,Long Positions Only
0.1336632454067005,0.16034481050991112,2,Long Positions Only
0.13650934286028907,0.16318203878500367,2,Long Positions Only
0.12361421853556984,0.136406025396612,2,Long Positions Only
0.12455935124047313,0.13880392763418972,2,Long Positions Only
0.1051963762389991,0.12760463708826153,2,Long Positions Only
0.09721315597568518,0.10670009760390863,2,Long Positions Only
0.11670261865454616,0.1374055283928684,2,Long Positions Only
0.11661853395389342,0.12914481907703548,2,Long Positions Only
0.11089092845372468,0.12707897123012524,2,Long Positions Only
0.07003177012218627,0.08768975087028898,2,Long Positions Only
0.1484465225458081,0.15872920167737362,2,Long Positions Only
0.14426030709967252,0.1601890921920009,2,Long Positions Only
0.0740811441726275,0.10274239247763073,2,Long Positions Only
0.1035340359507833,0.1171060905066414,2,Long Positions Only
0.11096024388333618,0.12328496736800866,2,Long Positions Only
0.14101213543766025,0.1574445661654015,2,Long Positions Only
0.11163824538421585,0.1237168155512945,2,Long Positions Only
0.05494537280469567,0.08232153232571329,2,Long Positions Only
0.1428673951187805,0.1546829315893124,2,Long Positions Only
0.11190795854217364,0.12582208866222006,2,Long Positions Only
0.1325470633145644,0.14370286143269106,2,Long Positions Only
0.10974854879982969,0.1231949425887433,2,Long Positions Only
0.09809998217191877,0.11387750341151368,2,Long Positions Only
0.1528132070610213,0.16477606093129513,2,Long Positions Only
0.1482978067350608,0.16503366949998455,2,Long Positions Only
0.128969493732836,0.14656024695514325,2,Long Positions Only
0.12263462176164688,0.13896873696804737,2,Long Positions Only
0.14028461000112122,0.16363742747198254,2,Long Positions Only
0.11998732949401013,0.14471422712589826,2,Long Positions Only
0.13752880272504883,0.16733604180318537,2,Long Positions Only
0.09994222694411356,0.11596807128532968,2,Long Positions Only
0.10468115162665433,0.11315645256924972,2,Long Positions Only
0.10354639756400046,0.11150950007053574,2,Long Positions Only
0.13897074913684193,0.15956877311929574,2,Long Positions Only
0.08889341255000127,0.10704157044024319,2,Long Positions Only
0.1588915274928022,0.18607306004009294,2,Long Positions Only
0.1456130030182461,0.16392016350085828,2,Long Positions Only
0.12156843482418059,0.13075127428896363,2,Long Positions Only
0.1086509908519896,0.1290151763431809,2,Long Positions Only
0.09304465340153356,0.11818966980149793,2,Long Positions Only
0.08883684770920239,0.10395764657497152,2,Long Positions Only
0.09245553051599381,0.10218028982774223,2,Long Positions Only
0.09330375450790876,0.11441766109769419,2,Long Positions Only
0.12980037995083765,0.1441552920054923,2,Long Positions Only
0.09564156838793694,0.11218973997718812,2,Long Positions Only
0.08559001320407762,0.10130735850983268,2,Long Positions Only
0.07825876264490537,0.11121841771365372,2,Long Positions Only
0.07505161013071447,0.08715833692351242,2,Long Positions Only
0.09070669397876222,0.10706476035740521,2,Long Positions Only
0.1253262573189642,0.15250265324186932,2,Long Positions Only
0.04918731722132899,0.07671445111268756,2,Long Positions Only
0.1063325081659089,0.11419945193925474,2,Long Positions Only
0.09857755999914886,0.12240968230344215,2,Long Positions Only
0.1266893420741957,0.15224465091677142,2,Long Positions Only
0.1050660846628802,0.12450886769481756,2,Long Positions Only
0.15887631256997953,0.1777089376475251,2,Long Positions Only
0.11260658966680398,0.12901316615803027,2,Long Positions Only
0.11324925609797036,0.1298882529408257,2,Long Positions Only
0.0934646666074426,0.1129892054037303,2,Long Positions Only
0.11993047045307062,0.1401255796119646,2,Long Positions Only
0.09250184117607907,0.10489891206462192,2,Long Positions Only
0.10237228319925153,0.11956325820438456,2,Long Positions Only
0.11418806634181186,0.12423519379372785,2,Long Positions Only
0.11476891079325721,0.12282020221823997,2,Long Positions Only
0.12259724928783335,0.1341060320462665,2,Long Positions Only
0.09900457071668232,0.11071329962703079,2,Long Positions Only
0.11487560624929809,0.13420289044588496,2,Long Positions Only
0.05273977052410515,0.07221818977365468,2,Long Positions Only
0.1346798007574444,0.15437085658357091,2,Long Positions Only
0.112621705625318,0.1226755672103658,2,Long Positions Only
0.0932233204990784,0.11288748229778103,2,Long Positions Only
0.07000141953452549,0.07960911351804073,2,Long Positions Only
0.13195694587561,0.1433590652780309,2,Long Positions Only
0.12372073696458354,0.13439129400709102,2,Long Positions Only
0.054661409835032065,0.07731081296771923,2,Long Positions Only
0.11205619450947459,0.12598679890852033,2,Long Positions Only
0.14294542436193078,0.1766853456947511,2,Long Positions Only
0.10221081608008957,0.11732237196126347,2,Long Positions Only
0.10346682060991284,0.1280419886756801,2,Long Positions Only
0.11865523291785889,0.13179634701586992,2,Long Positions Only
0.10674115126240384,0.12306954991188647,2,Long Positions Only
0.10049972430341418,0.11098028866870109,2,Long Positions Only
0.11144675190972908,0.12969584148828284,2,Long Positions Only
0.13389721087766043,0.14817694800005868,2,Long Positions Only
0.11203154893550427,0.13015706116234196,2,Long Positions Only
0.12084152278243138,0.14160637559985514,2,Long Positions Only
0.12781519796078056,0.15814378001870177,2,Long Positions Only
0.0728822405676839,0.09689766920390434,2,Long Positions Only
0.14035488146715336,0.1526282287896547,2,Long Positions Only
0.09063542584983802,0.10886317816278487,2,Long Positions Only
0.06666969746076513,0.09012546971646843,2,Long Positions Only
0.1377905678568567,0.15263586458526127,2,Long Positions Only
0.1062448553764077,0.11809702519207817,2,Long Positions Only
0.12133634285930221,0.13840711956703283,2,Long Positions Only
0.0934170094044314,0.11300223786164071,2,Long Positions Only
0.1012013993217929,0.11123368573565426,2,Long Positions Only
0.10204260978316637,0.12303336875996722,2,Long Positions Only
0.1288020594990978,0.1456938764657655,2,Long Positions Only
0.1504020082484481,0.16779148656917653,2,Long Positions Only
0.10859817244009275,0.12547425143031665,2,Long Positions Only
0.09958878701075978,0.1067111648943311,2,Long Positions Only
0.13109224523437737,0.15004955837737077,2,Long Positions Only
0.07868720428134122,0.10098276691374869,2,Long Positions Only
0.10719308915422328,0.12102714668390684,2,Long Positions Only
0.1080117665309286,0.12296390440200451,2,Long Positions Only
0.12337929791513107,0.13479288178768287,2,Long Positions Only
0.1459749225319229,0.15544357018343036,2,Long Positions Only
0.10061341048904575,0.10863520403610757,2,Long Positions Only
0.14611412372505347,0.17750740674895255,2,Long Positions Only
0.07588749030944761,0.09084769974143009,2,Long Positions Only
0.11749648290629376,0.1320667381506263,2,Long Positions Only
0.1090491296755643,0.1290271831992516,2,Long Positions Only
0.13379388250769575,0.14700148098671614,2,Long Positions Only
0.1080340587450133,0.1259060544233874,2,Long Positions Only
0.14061514446981838,0.15808804217283118,2,Long Positions Only
0.14439574458853396,0.15992738661961356,2,Long Positions Only
0.1293625412491839,0.14900761090446757,2,Long Positions Only
0.11217091967407623,0.13870999390530128,2,Long Positions Only
0.07670006405492616,0.08587488682645186,2,Long Positions Only
0.0971515940869461,0.11143746944276157,2,Long Positions Only
0.15528874736463608,0.16434151651635723,2,Long Positions Only
0.09003552749205038,0.1062070542909026,2,Long Positions Only
0.11388506642395094,0.12947633932789843,2,Long Positions Only
0.13242798405786144,0.15012623614990506,2,Long Positions Only
0.10770494379272881,0.1172782032530088,2,Long Positions Only
0.10473588645898571,0.11616709803271222,2,Long Positions Only
0.11919627287260681,0.13673930333100356,2,Long Positions Only
0.09950365273593728,0.118781622853201,2,Long Positions Only
0.08460779375779617,0.09582867639534501,2,Long Positions Only
0.07597322206710055,0.10232918577186821,2,Long Positions Only
0.09079098059546102,0.10838106441794927,2,Long Positions Only
0.08554985969553985,0.09766975660715244,2,Long Positions Only
0.11235909648199849,0.12501027711007393,2,Long Positions Only
0.08524057708639843,0.09886611869840689,2,Long Positions Only
0.07892065348038542,0.0934802587971742,2,Long Positions Only
0.10442128210481706,0.12006261740645487,2,Long Positions Only
0.10817359303325412,0.12078521996642043,2,Long Positions Only
0.122134763526527,0.13430926871271123,2,Long Positions Only
0.12048565467714745,0.1273230215644547,2,Long Positions Only
0.057625312256998844,0.07869578557768316,2,Long Positions Only
0.1206484118626623,0.13920280278698705,2,Long Positions Only
0.11022813273233538,0.13816504306091756,2,Long Positions Only
0.09827556058319055,0.11658448527948541,2,Long Positions Only
0.14356440390055297,0.16774321743176748,2,Long Positions Only
0.08665818691506134,0.09964187042674857,2,Long Positions Only
0.08299492710524292,0.10888857440041316,2,Long Positions Only
0.10182703279522631,0.11305370426858974,2,Long Positions Only
0.06479761562531185,0.08087563640380037,2,Long Positions Only
0.11014535343429328,0.1345793005341359,2,Long Positions Only
0.11273601231802165,0.14110782329320232,2,Long Positions Only
0.09522607462901651,0.11165619313648063,2,Long Positions Only
0.08156998965271384,0.09555356628652535,2,Long Positions Only
0.12564899092496368,0.14420878273012497,2,Long Positions Only
0.10799484232161795,0.12145025842766843,2,Long Positions Only
0.0967792958185026,0.10809624530411951,2,Long Positions Only
0.09147040981413493,0.10878905156132469,2,Long Positions Only
0.12065310871170648,0.1395019610456904,2,Long Positions Only
0.10521980983932167,0.11963501402342891,2,Long Positions Only
0.10805794851142159,0.1206986431143234,2,Long Positions Only
0.10080861424058582,0.11528698729369866,2,Long Positions Only
0.11756801484692038,0.1299510090451972,2,Long Positions Only
0.06419865225948218,0.08265727693460005,2,Long Positions Only
0.08310930924862873,0.0960095980702392,2,Long Positions Only
0.08640106527641943,0.10245715529607181,2,Long Positions Only
0.10303344005018929,0.12219316494344974,2,Long Positions Only
0.12147388586173208,0.13566717873687167,2,Long Positions Only
0.1032314126152582,0.11404786477122231,2,Long Positions Only
0.1336004260155621,0.15617958785999275,2,Long Positions Only
0.10072333115011718,0.11886605324184493,2,Long Positions Only
0.08578208014736695,0.10617473100480362,2,Long Positions Only
0.0800646171585073,0.09344558314948899,2,Long Positions Only
0.11002836325053109,0.13418394120507368,2,Long Positions Only
0.12534688566121113,0.14905028188026065,2,Long Positions Only
0.08369603448780247,0.10104632218773138,2,Long Positions Only
0.1494180388941299,0.17468932826434586,2,Long Positions Only
0.11781350885649004,0.1373491124880495,2,Long Positions Only
0.09789184204773607,0.10920839743041921,2,Long Positions Only
0.11065398968354377,0.13452400478583243,2,Long Positions Only
0.09741529675690302,0.11767088515375787,2,Long Positions Only
0.12011736838824857,0.13413363288764152,2,Long Positions Only
0.1130348811450292,0.13949913825269858,2,Long Positions Only
0.0751008640422432,0.09470360812832779,2,Long Positions Only
0.13796718817894782,0.14872116152944848,2,Long Positions Only
0.09549395544518981,0.1081527006273977,2,Long Positions Only
0.08656697636228901,0.09421114442109584,2,Long Positions Only
0.09363864327274334,0.1118741991086953,2,Long Positions Only
0.13563567693417086,0.15309974464191217,2,Long Positions Only
0.10339247819402005,0.11743885944461672,2,Long Positions Only
0.10623778897246974,0.11742540684729218,2,Long Positions Only
0.09208210698135301,0.10458911476809196,2,Long Positions Only
0.13701406010913006,0.15087889822667958,2,Long Positions Only
0.12252081915259304,0.131038154070702,2,Long Positions Only
0.08677359656235203,0.10870909329203919,2,Long Positions Only
0.13295181983406296,0.15414920380888264,2,Long Positions Only
0.08282234614742896,0.10036684060217316,2,Long Positions Only
0.13291863066181614,0.14876723108028259,2,Long Positions Only
0.15312354198887326,0.1673857355944334,2,Long Positions Only
0.07086950333955681,0.07914778789939808,2,Long Positions Only
0.1019150981801499,0.11382813243690768,2,Long Positions Only
0.11626659987633112,0.13439463680293756,2,Long Positions Only
0.11180991881234559,0.12718288718925225,2,Long Positions Only
0.1262514936829727,0.13944614545541892,2,Long Positions Only
0.0957231517504559,0.1077405635479977,2,Long Positions Only
0.10893505365643136,0.128124481761193,2,Long Positions Only
0.1413137856523204,0.15248924093299848,2,Long Positions Only
0.1488675044331666,0.16246114623377136,2,Long Positions Only
0.09955371407956289,0.11473418532637421,2,Long Positions Only
0.15512312375688386,0.17374894550657857,2,Long Positions Only
0.11656831298033393,0.13117591471532727,2,Long Positions Only
0.0872675404873062,0.09640956329378897,2,Long Positions Only
0.10459527284576814,0.11830227885079064,2,Long Positions Only
0.10031306639587068,0.1102877790752146,2,Long Positions Only
0.08306216617954006,0.10136044580391206,2,Long Positions Only
0.1266319489608778,0.14423162459817324,2,Long Positions Only
0.08739771815634417,0.10769683888256877,2,Long Positions Only
0.0950435682345851,0.10486737336101296,2,Long Positions Only
0.12421167133811421,0.1325217031170644,2,Long Positions Only
0.12109834510404859,0.13586815355577628,2,Long Positions Only
0.07016891792274058,0.08894839160511772,2,Long Positions Only
0.07667648660025252,0.09298760357559206,2,Long Positions Only
0.110688742881685,0.1196922339054884,2,Long Positions Only
0.08691850184713605,0.09768426054511742,2,Long Positions Only
0.1048968799764617,0.1148652083919282,2,Long Positions Only
0.13386318765902913,0.15262637340795576,2,Long Positions Only
0.11829556843508048,0.13767014247150142,2,Long Positions Only
0.0944254704410257,0.11321633482987219,2,Long Positions Only
0.09627058305663387,0.11750676554295741,2,Long Positions Only
0.09083058325654965,0.10233398337781195,2,Long Positions Only
0.12247198050701973,0.1368198313555626,2,Long Positions Only
0.0743500089756369,0.08414587797965947,2,Long Positions Only
0.13392709372096975,0.1545093173318208,2,Long Positions Only
0.14421714323486862,0.17315405937985556,2,Long Positions Only
0.08752871685313438,0.10266561264596645,2,Long Positions Only
0.14319660630957473,0.1530076931728126,2,Long Positions Only
0.06967576179549596,0.08189931539656076,2,Long Positions Only
0.14018036818979646,0.15629945006524854,2,Long Positions Only
0.05542187120746775,0.07571453870940333,2,Long Positions Only
0.13417815092467444,0.14436128470178913,2,Long Positions Only
0.10442180031915306,0.11380144820196227,2,Long Positions Only
0.09001802984639036,0.1250300917891971,2,Long Positions Only
0.11300144790879228,0.1329414503034015,2,Long Positions Only
0.11831846655837458,0.13098026947928057,2,Long Positions Only
0.13267222681163954,0.15057344803537415,2,Long Positions Only
0.11659043621066335,0.13309657412411283,2,Long Positions Only
0.1331131430017056,0.15148041076641952,2,Long Positions Only
0.12295550290997885,0.1410229823303764,2,Long Positions Only
0.1079722840338153,0.12128580726406087,2,Long Positions Only
0.12143253233286921,0.13659753096463664,2,Long Positions Only
0.09520072074145249,0.1032596635175539,2,Long Positions Only
0.12393145164029434,0.13737814104911159,2,Long Positions Only
0.0971672745385447,0.11233079608961759,2,Long Positions Only
0.07386527635360784,0.09139449990636551,2,Long Positions Only
0.09890297205774955,0.111427919376749,2,Long Positions Only
0.10296178718606862,0.12264497311974935,2,Long Positions Only
0.11069846724763865,0.12597748770088313,2,Long Positions Only
0.11325360014903257,0.13500394793530227,2,Long Positions Only
0.10626630042693126,0.1179001408616665,2,Long Positions Only
0.10923364019291561,0.12980984670968282,2,Long Positions Only
0.12581803254951696,0.15285577160977573,2,Long Positions Only
0.11679990524001693,0.13153836601702154,2,Long Positions Only
0.1040712415405932,0.11658733398170082,2,Long Positions Only
0.07384148985289178,0.0907308883149701,2,Long Positions Only
0.10949921082595462,0.12349357348097599,2,Long Positions Only
0.11657857970129748,0.13804515305735246,2,Long Positions Only
0.06461304246150501,0.07936474780800921,2,Long Positions Only
0.058445345199127134,0.08314977284377204,2,Long Positions Only
0.1163401097458588,0.12940371449963542,2,Long Positions Only
0.13777115921992328,0.15351189213886948,2,Long Positions Only
0.08257228263320915,0.10146933575735559,2,Long Positions Only
0.130291375779178,0.14673670510328785,2,Long Positions Only
0.11321743644122555,0.12460867704093075,2,Long Positions Only
0.13242821976949426,0.1430648389791229,2,Long Positions Only
0.12395375779767005,0.15671992925666287,2,Long Positions Only
0.10905976797147912,0.1167733931100455,2,Long Positions Only
0.11116177766549167,0.11822952377104988,2,Long Positions Only
0.10749049274729436,0.12176138951485255,2,Long Positions Only
0.12438040591096435,0.13753801449578004,2,Long Positions Only
0.0885718543150678,0.0971350752541935,2,Long Positions Only
0.11117668684621827,0.12670329092655916,2,Long Positions Only
0.11212745762408322,0.1357056245954294,2,Long Positions Only
0.08020525429374989,0.11150744341233602,2,Long Positions Only
0.10841444295834995,0.12102489906762265,2,Long Positions Only
0.06994255690830417,0.07995664803607837,2,Long Positions Only
0.12963761857455788,0.1459470727407543,2,Long Positions Only
0.09445193093198309,0.10641153196982218,2,Long Positions Only
0.12779413784446333,0.14302983678300255,2,Long Positions Only
0.11928780227848758,0.13645463577755892,2,Long Positions Only
0.0779545831970702,0.09574864378776927,2,Long Positions Only
0.09305246901704879,0.10738746472075278,2,Long Positions Only
0.13600652988309236,0.15056903364764868,2,Long Positions Only
0.11254696392246609,0.1274058947442859,2,Long Positions Only
0.1265286601159904,0.14555952933730307,2,Long Positions Only
0.09146732397164689,0.10961996877460187,2,Long Positions Only
0.08593716501572632,0.09923475273928964,2,Long Positions Only
0.1517845166150925,0.1637657355426407,2,Long Positions Only
0.12680621279272614,0.13523289068528674,2,Long Positions Only
0.08351408649488366,0.1031287636643404,2,Long Positions Only
0.11219518007141009,0.1302010927606149,2,Long Positions Only
0.13860937115955543,0.15418089343559885,2,Long Positions Only
0.08196980927505919,0.0962378188681627,2,Long Positions Only
0.06765728413603596,0.08660127523072352,2,Long Positions Only
0.07101954482125038,0.0949217260830763,2,Long Positions Only
0.10591913609636362,0.12153888266173861,2,Long Positions Only
0.11699093278838263,0.13791589587260128,2,Long Positions Only
0.11455266097570976,0.12818624268251275,2,Long Positions Only
0.1178013931677946,0.1382642540122147,2,Long Positions Only
0.10936478361703462,0.11840590756709136,2,Long Positions Only
0.11577655628103226,0.12659126043257313,2,Long Positions Only
0.12255904199188758,0.1511632208113192,2,Long Positions Only
0.1562190036636334,0.1770065688245377,2,Long Positions Only
0.12237268412942151,0.1322721568573812,2,Long Positions Only
0.13582592645696748,0.16598385030488388,2,Long Positions Only
0.11010437358340652,0.11977537032917392,2,Long Positions Only
0.15114514593104522,0.16316561736609217,2,Long Positions Only
0.07873451053483572,0.0916253295391418,2,Long Positions Only
0.15072898152088623,0.1611823181976357,2,Long Positions Only
0.10442830411623955,0.12113744641671069,2,Long Positions Only
0.13589096504743262,0.14411298673909448,2,Long Positions Only
0.13447537284250038,0.14653819898743975,2,Long Positions Only
0.1290933970444794,0.14528271008425056,2,Long Positions Only
0.0805897301132569,0.08902563193512392,2,Long Positions Only
0.08484180406831317,0.10176812030097253,2,Long Positions Only
0.07260739365027448,0.08528944587167259,2,Long Positions Only
0.1390732973870835,0.15441915508922607,2,Long Positions Only
0.13194326043941226,0.1492320246348891,2,Long Positions Only
0.13460979840971585,0.15204546608305863,2,Long Positions Only
0.10106818265662061,0.11103884915168268,2,Long Positions Only
0.11396907166807077,0.12838743920461895,2,Long Positions Only
0.1303070903796349,0.13802764741373397,2,Long Positions Only
0.08308893895898649,0.09433668570788722,2,Long Positions Only
0.12160733459719142,0.14455777528521677,2,Long Positions Only
0.07828031148056072,0.08957080330234726,2,Long Positions Only
0.09779824837948654,0.11222801541927203,2,Long Positions Only
0.0720426977429814,0.08500018636514879,2,Long Positions Only
0.10696544287901,0.11564328611524485,2,Long Positions Only
0.07191159210622995,0.08941026727669614,2,Long Positions Only
0.12939003566865268,0.15139921144225124,2,Long Positions Only
0.10670389108918468,0.11990476729785168,2,Long Positions Only
0.13386423985830154,0.16680100120318755,2,Long Positions Only
0.10249290145601093,0.11418901467641997,2,Long Positions Only
0.13836426486101522,0.1514617773163765,2,Long Positions Only
0.17655272505519204,0.20581168047795842,2,Long Positions Only
0.10846080337833756,0.13092954130062595,2,Long Positions Only
0.09074678410240679,0.10271798134624645,2,Long Positions Only
0.11048512293087251,0.12020812713972952,2,Long Positions Only
0.09523371957698011,0.11613091544602636,2,Long Positions Only
0.1076911746459943,0.12431531297012544,2,Long Positions Only
0.07746214339053273,0.09205622459987811,2,Long Positions Only
0.10249098335054074,0.12364240314540124,2,Long Positions Only
0.09900150613636606,0.10837571758366164,2,Long Positions Only
0.11254164646369466,0.1296784703042206,2,Long Positions Only
0.12096363296833569,0.13305808965139002,2,Long Positions Only
0.08225183507940076,0.09699228056190616,2,Long Positions Only
0.12892986571415005,0.13816143663430094,2,Long Positions Only
0.14169733964503498,0.1537692781789979,2,Long Positions Only
0.10743433832891705,0.12301812516833928,2,Long Positions Only
0.11353632848557896,0.12410665126849668,2,Long Positions Only
0.08585248159854512,0.09993113397584323,2,Long Positions Only
0.10435510002294389,0.12266358091928571,2,Long Positions Only
0.09864429420083703,0.11373182192998059,2,Long Positions Only
0.13983931971325403,0.15414264015439963,2,Long Positions Only
0.11697023261610628,0.12941698560470857,2,Long Positions Only
0.11846961412454968,0.12658139938234286,2,Long Positions Only
0.09977644466241926,0.11221329668725817,2,Long Positions Only
0.0880126570855349,0.10420661375865554,2,Long Positions Only
0.10187932372713968,0.10912513178132978,2,Long Positions Only
0.09097335089281902,0.104358867894927,2,Long Positions Only
0.12543202093752948,0.13894246219825007,2,Long Positions Only
0.10813379077881,0.11760950986512377,2,Long Positions Only
0.10333982454976746,0.11550542792784538,2,Long Positions Only
0.10614624306890058,0.13337723326807432,2,Long Positions Only
0.12014900399294642,0.13246932341143744,2,Long Positions Only
0.14906126620629379,0.161226570808643,2,Long Positions Only
0.14435057639765833,0.1589001795425313,2,Long Positions Only
0.0712222852439391,0.08453681668074525,2,Long Positions Only
0.08853659871656319,0.1037438341860366,2,Long Positions Only
0.11146345112373636,0.12309262679325973,2,Long Positions Only
0.1408919381151938,0.14883216237303176,2,Long Positions Only
0.09971549353345648,0.11150426868171885,2,Long Positions Only
0.09853450822880473,0.11413275645834042,2,Long Positions Only
0.11838995781770306,0.13523083139887443,2,Long Positions Only
0.059521896064165226,0.0776986377397403,2,Long Positions Only
0.14089109101175967,0.15521972034415085,2,Long Positions Only
0.07677807889446427,0.09428119995876823,2,Long Positions Only
0.11159012571557468,0.12093245664485318,2,Long Positions Only
0.13610388100167434,0.14410417047873345,2,Long Positions Only
0.0455553884433307,0.06928048235864968,2,Long Positions Only
0.10644555751525672,0.11318238358411592,2,Long Positions Only
0.13717015811022032,0.15252694189505725,2,Long Positions Only
0.1225391448474664,0.13227090387949791,2,Long Positions Only
0.10032485283233969,0.11572138365601166,2,Long Positions Only
0.101619578293769,0.1183317802364798,2,Long Positions Only
0.0748403769479526,0.09435883726754685,2,Long Positions Only
0.13177057614842372,0.15030279701154095,2,Long Positions Only
0.08680703870882188,0.1056027010890734,2,Long Positions Only
0.13581853902736937,0.1485450726340177,2,Long Positions Only
0.14918703670491515,0.1654514478358107,2,Long Positions Only
0.12654665290947856,0.14259881435039815,2,Long Positions Only
0.08827862605398916,0.09946307620190532,2,Long Positions Only
0.12352946324770248,0.14047763227708593,2,Long Positions Only
0.1463900552518419,0.15776840918227367,2,Long Positions Only
0.13999126090691455,0.1573769519252969,2,Long Positions Only
0.1423076760885994,0.15429561638461806,2,Long Positions Only
0.1617373469666327,0.1937839525811691,2,Long Positions Only
0.08945494760878735,0.10446662270401208,2,Long Positions Only
0.10080598929650698,0.11984295002988983,2,Long Positions Only
0.11268698766707463,0.1284596144772081,2,Long Positions Only
0.08829274739678693,0.09953461879689383,2,Long Positions Only
0.07555782646375271,0.09634991327032452,2,Long Positions Only
0.10186160995784407,0.12135557681565207,2,Long Positions Only
0.05602617982751716,0.09229657553878343,2,Long Positions Only
0.1006998571645996,0.12114677250513206,2,Long Positions Only
0.1015120976037431,0.11747334290115725,2,Long Positions Only
0.09402798749296437,0.11669574924067595,2,Long Positions Only
0.08646585888303839,0.0978181159616459,2,Long Positions Only
0.08543529270310266,0.0990189167273973,2,Long Positions Only
0.09179787229794195,0.10650783310214404,2,Long Positions Only
0.12571655053690514,0.14249915181164519,2,Long Positions Only
0.11404572916014727,0.1256114136379332,2,Long Positions Only
0.0985536282681807,0.10535516679799735,2,Long Positions Only
0.06464283290890487,0.08562893257759058,2,Long Positions Only
0.09826063785989242,0.11807381380414034,2,Long Positions Only
0.1506299663303418,0.161139674558992,2,Long Positions Only
0.11223208859309315,0.128592571305576,2,Long Positions Only
0.13718905401417314,0.15015677075010747,2,Long Positions Only
0.09956318499111895,0.11436755447554693,2,Long Positions Only
0.1052037126494482,0.13045807805701745,2,Long Positions Only
0.12492707797194279,0.14124421416550823,2,Long Positions Only
0.12250047310628227,0.14419486768126183,2,Long Positions Only
0.10268421205874166,0.11622340046281565,2,Long Positions Only
0.09701239277621097,0.10521034102557708,2,Long Positions Only
0.10122013598379573,0.11160038713604664,2,Long Positions Only
0.0904642308303964,0.10801607367977019,2,Long Positions Only
0.13046841021159822,0.13928611339467983,2,Long Positions Only
0.10744830249514807,0.11710092974761514,2,Long Positions Only
0.10035512291395492,0.1109855230016907,2,Long Positions Only
0.08381689219889682,0.10494722970984784,2,Long Positions Only
0.03924089987004271,0.05476354194662264,2,Long Positions Only
0.12046644985845129,0.13775521183768713,2,Long Positions Only
0.11222766316915267,0.12867377592872106,2,Long Positions Only
0.10385751859810317,0.13498109536689692,2,Long Positions Only
0.1002196568519385,0.1329846404889048,2,Long Positions Only
0.11683833121504705,0.13376003402278216,2,Long Positions Only
0.09788766707600621,0.10443706861489992,2,Long Positions Only
0.09911462236559794,0.10810784673556359,2,Long Positions Only
0.09522014660289642,0.11201495756792719,2,Long Positions Only
0.1217324395827392,0.15433496562565438,2,Long Positions Only
0.05678407301052786,0.07529479589536095,2,Long Positions Only
0.1099434518537935,0.12696781941330793,2,Long Positions Only
0.1060189896961611,0.11399547963671063,2,Long Positions Only
0.09113483477044748,0.11375299333306813,2,Long Positions Only
0.10907221501828208,0.12388530615488569,2,Long Positions Only
0.07027901604127408,0.08202971504526702,2,Long Positions Only
0.11296013501876015,0.12597143554020376,2,Long Positions Only
0.08234075051107521,0.09091450077357967,2,Long Positions Only
0.12504453848101396,0.14983182986783825,2,Long Positions Only
0.10976110286849129,0.121704436889834,2,Long Positions Only
0.117834723953538,0.12910038217369688,2,Long Positions Only
0.09931018630263891,0.1085940207297221,2,Long Positions Only
0.07229678430063088,0.08911722128506389,2,Long Positions Only
0.11930195090666901,0.12712256095915012,2,Long Positions Only
0.10979440892025963,0.12267672908673818,2,Long Positions Only
0.1008075749939374,0.11876910684909488,2,Long Positions Only
0.12245458766749513,0.13828613825495195,2,Long Positions Only
0.12989608832272959,0.1523575696805887,2,Long Positions Only
0.10788797932177044,0.11858359742854539,2,Long Positions Only
0.11656239966132464,0.14148715419585844,2,Long Positions Only
0.11500314180020138,0.12849530570986467,2,Long Positions Only
0.13647513250219875,0.15165843739248777,2,Long Positions Only
0.14363187129978935,0.16140548457501594,2,Long Positions Only
0.11187121831005487,0.1354208885318013,2,Long Positions Only
0.11312868424340262,0.12137009554352919,2,Long Positions Only
0.10533941544718177,0.12758195804272418,2,Long Positions Only
0.11390643179892233,0.13522249659418328,2,Long Positions Only
0.12294712767807596,0.14340610110223773,2,Long Positions Only
0.114349446218382,0.13387708208397003,2,Long Positions Only
0.11696134359568211,0.130529406020018,2,Long Positions Only
0.08441601189959541,0.10140200843750903,2,Long Positions Only
0.12508286686168474,0.13629870115387815,2,Long Positions Only
0.09111747759020919,0.11919567001103164,2,Long Positions Only
0.12450981390160891,0.15160360589993901,2,Long Positions Only
0.09794720744151604,0.11099328559338482,2,Long Positions Only
0.06912629897638081,0.08344714855784714,2,Long Positions Only
0.11366817507974697,0.1289322626701985,2,Long Positions Only
0.11145791004789582,0.13082559863499046,2,Long Positions Only
0.08012285706887023,0.09701860640000966,2,Long Positions Only
0.13165376064776507,0.15460433632015222,2,Long Positions Only
0.1099791178701544,0.123493354176985,2,Long Positions Only
0.10760928912577324,0.12086169506316478,2,Long Positions Only
0.10586968105642285,0.11496995418414648,2,Long Positions Only
0.140669974768355,0.16500071716564071,2,Long Positions Only
0.13758955247537347,0.155801475168823,2,Long Positions Only
0.11818368704249743,0.13846821475520318,2,Long Positions Only
0.10177467287442149,0.11254525118523721,2,Long Positions Only
0.13203223187036117,0.14523567493329265,2,Long Positions Only
0.12807867849221954,0.13596914759728265,2,Long Positions Only
0.12419858385424379,0.13840520062918202,2,Long Positions Only
0.10764454101426578,0.128160374780848,2,Long Positions Only
0.149470765958913,0.16261603330743835,2,Long Positions Only
0.1147075671685663,0.13147384757549357,2,Long Positions Only
0.1274214635029134,0.1465841211187376,2,Long Positions Only
0.12626242680192076,0.1542382744973089,2,Long Positions Only
0.1351033046847849,0.15387010285038674,2,Long Positions Only
0.10599747218166382,0.11363852600606703,2,Long Positions Only
0.07442878540873094,0.09155344630309707,2,Long Positions Only
0.14151628214765502,0.16538584032723005,2,Long Positions Only
0.13535586196695087,0.15494787056231019,2,Long Positions Only
0.07536165063658133,0.08663289341859497,2,Long Positions Only
0.1215783269128417,0.135440166251733,2,Long Positions Only
0.1505497453052782,0.1747765579752711,2,Long Positions Only
0.09777873814840225,0.11114431076815115,2,Long Positions Only
0.1156504862736877,0.12487450126005173,2,Long Positions Only
0.13028009763692003,0.14733639299093293,2,Long Positions Only
0.13194791199565623,0.1511359219202688,2,Long Positions Only
0.12231166769898456,0.15225441330403802,2,Long Positions Only
0.10495479890234029,0.12270309240117135,2,Long Positions Only
0.13895300675623315,0.15585266254135624,2,Long Positions Only
0.0961888403900519,0.10838761366300496,2,Long Positions Only
0.1317805436422986,0.14324824745707007,2,Long Positions Only
0.1323523282691489,0.14557688470486022,2,Long Positions Only
0.1403602098269303,0.15482561358449767,2,Long Positions Only
0.15980248690772816,0.17337781589925041,2,Long Positions Only
0.11841506959590081,0.13349554669425387,2,Long Positions Only
0.11384868069974033,0.12986264466106365,2,Long Positions Only
0.09625147749800152,0.1039355826348236,2,Long Positions Only
0.1024880463764862,0.11653712914418253,2,Long Positions Only
0.12035525534343923,0.13543540355199657,2,Long Positions Only
0.08507340190334792,0.10677546144409635,2,Long Positions Only
0.10761547544292345,0.12118333852735737,2,Long Positions Only
0.13718057079460777,0.1508471837161817,2,Long Positions Only
0.0949597338140375,0.10477452464419049,2,Long Positions Only
0.10747181428608348,0.13441555522517892,2,Long Positions Only
0.11835779951267662,0.13371333350206271,2,Long Positions Only
0.08632194671275624,0.09805730878332121,2,Long Positions Only
0.11523834397762095,0.14365410061190026,2,Long Positions Only
0.12993781748905628,0.15659690964741235,2,Long Positions Only
0.12304551833244141,0.14573052761463884,2,Long Positions Only
0.08730758063647669,0.10327267508066144,2,Long Positions Only
0.084586530928751,0.09508060844720635,2,Long Positions Only
0.11874263242482458,0.12697254277139733,2,Long Positions Only
0.12007265364839927,0.14059402411522573,2,Long Positions Only
0.11080771688139653,0.12438921789084817,2,Long Positions Only
0.12281410023375881,0.14166219103891317,2,Long Positions Only
0.10657195872914095,0.12101636265882582,2,Long Positions Only
0.09130480657690461,0.1036417090831434,2,Long Positions Only
0.10435671348647012,0.11693416349966783,2,Long Positions Only
0.14253691008683275,0.16784454741933133,2,Long Positions Only
0.10702968772115452,0.11879761827834502,2,Long Positions Only
0.08209196755428518,0.09590500423755417,2,Long Positions Only
0.10368797192638153,0.12782877547643062,2,Long Positions Only
0.09304898443118613,0.11284449727595489,2,Long Positions Only
0.13339380720929236,0.14816982616356122,2,Long Positions Only
0.1544000985457657,0.1918710164894223,2,Long Positions Only
0.14026630283617192,0.1521542323013711,2,Long Positions Only
0.10292185477652889,0.11327578927128802,2,Long Positions Only
0.09881499421182591,0.10779673516541495,2,Long Positions Only
0.09977380688617385,0.11139427260559007,2,Long Positions Only
0.10184412033847609,0.11444769724651507,2,Long Positions Only
0.05428174905534373,0.06936684716041656,2,Long Positions Only
0.09322294757880331,0.11721996347271475,2,Long Positions Only
0.10971065415104414,0.12649578445221643,2,Long Positions Only
0.1073983928012229,0.11755398977350565,2,Long Positions Only
0.07915441072968402,0.0870472152268415,2,Long Positions Only
0.1582617300177182,0.17441235513415485,2,Long Positions Only
0.11526537262048411,0.13086397409393333,2,Long Positions Only
0.08574856194534045,0.1031722308784709,2,Long Positions Only
0.11283597116722262,0.12196657266427097,2,Long Positions Only
0.11303603836997062,0.12910929530727674,2,Long Positions Only
0.09797921976571246,0.1110595783042538,2,Long Positions Only
0.11417868428753414,0.1313383215046454,2,Long Positions Only
0.15512071602754016,0.16515975521879006,2,Long Positions Only
0.0712222095251348,0.09090141599743444,2,Long Positions Only
0.11612330234594503,0.12729432275152108,2,Long Positions Only
0.09033319678366851,0.10858383900294652,2,Long Positions Only
0.10823461677636288,0.11993240580633774,2,Long Positions Only
0.09504642460809397,0.10418402247978337,2,Long Positions Only
0.08610866267881767,0.0927311707964552,2,Long Positions Only
0.12295976922110397,0.1379035919632349,2,Long Positions Only
0.08903144761609344,0.10076740335111231,2,Long Positions Only
0.14305217653970528,0.1602792448010312,2,Long Positions Only
0.06319924277696043,0.0996601051905652,2,Long Positions Only
0.09890730079310074,0.11071340857057124,2,Long Positions Only
0.10193423029599387,0.11808078205314305,2,Long Positions Only
0.1235164536318551,0.1513783299492787,2,Long Positions Only
0.09972236604261557,0.12213670590496196,2,Long Positions Only
0.10134509549326048,0.11271085773221479,2,Long Positions Only
0.11541870446913444,0.14108801664161252,2,Long Positions Only
0.11837981728804148,0.1344395797807057,2,Long Positions Only
0.10698677143015323,0.11969350798079517,2,Long Positions Only
0.0986823233758878,0.11156318463247246,2,Long Positions Only
0.10811214407612604,0.12164891161112326,2,Long Positions Only
0.10976207074381451,0.12027098448864125,2,Long Positions Only
0.12147195149059649,0.13811823132190418,2,Long Positions Only
0.16129006076998198,0.1792395821535877,2,Long Positions Only
0.1350569899733301,0.14439524891012356,2,Long Positions Only
0.12739406784121018,0.14427590672285293,2,Long Positions Only
0.09666899816866584,0.11034150919769903,2,Long Positions Only
0.11491064440904203,0.14171809425831092,2,Long Positions Only
0.09916543916852993,0.11444997582701297,2,Long Positions Only
0.09554771738456111,0.10877190992559595,2,Long Positions Only
0.12450083869210728,0.14494475804938564,2,Long Positions Only
0.08880327533190724,0.10222804895321468,2,Long Positions Only
0.13075316382504343,0.14727371483154397,2,Long Positions Only
0.13005901582507476,0.14701136314067878,2,Long Positions Only
0.09162233085863541,0.10673176276727292,2,Long Positions Only
0.10492049844470258,0.11904507240964886,2,Long Positions Only
0.14626865067154188,0.15851252762367252,2,Long Positions Only
0.11026671898660372,0.12308499808176382,2,Long Positions Only
0.13114287486999354,0.14351807327432542,2,Long Positions Only
0.12561333976772476,0.13989584456733845,2,Long Positions Only
0.11796156448144668,0.13655956654635304,2,Long Positions Only
0.10869803967804866,0.11642678396783854,2,Long Positions Only
0.12747062675037388,0.13989211373123772,2,Long Positions Only
0.07899599199877122,0.09378702797122224,2,Long Positions Only
0.06106254564557627,0.07115386473396251,2,Long Positions Only
0.0735070887854348,0.09230538755719829,2,Long Positions Only
0.12858268030771042,0.13940894384326574,2,Long Positions Only
0.09941517396423129,0.12390473133671531,2,Long Positions Only
0.06091261621375366,0.08096052908786022,2,Long Positions Only
0.12640867345167953,0.14281340464215397,2,Long Positions Only
0.18873632209060928,0.2224864029126671,2,Long Positions Only
0.11330216916093584,0.13008357657560188,2,Long Positions Only
0.10733421045138196,0.12483638808498153,2,Long Positions Only
0.12357561902033895,0.14005968572944433,2,Long Positions Only
0.12845182234344213,0.14495895250349353,2,Long Positions Only
0.11181696888132556,0.1238198230525777,2,Long Positions Only
0.0751447535370554,0.08924061757200577,2,Long Positions Only
0.09975603071853718,0.11644487727422463,2,Long Positions Only
0.09361105938601251,0.11723441335243026,2,Long Positions Only
0.10465240158098404,0.12186542523285,2,Long Positions Only
0.11850432801409996,0.14441568704109467,2,Long Positions Only
0.09665013127411266,0.10954685857678595,2,Long Positions Only
0.10954859968827699,0.12967097872125974,2,Long Positions Only
0.09132447483755751,0.1090871018757551,2,Long Positions Only
0.05176900606488068,0.07139877648469403,2,Long Positions Only
0.05713426949300099,0.08063312916309992,2,Long Positions Only
0.10310179270163565,0.12408377118380846,2,Long Positions Only
0.14047336207619138,0.15512931092245655,2,Long Positions Only
0.10111617463449624,0.11776849737761144,2,Long Positions Only
0.13267776197979897,0.14656620780427784,2,Long Positions Only
0.12984803059897787,0.14017690457252588,2,Long Positions Only
0.1418145492728613,0.15242230605705598,2,Long Positions Only
0.08822884965615391,0.11063022327153585,2,Long Positions Only
0.1144748832141994,0.12970436248122583,2,Long Positions Only
0.11614237757592175,0.14000600037716593,2,Long Positions Only
0.11240492468869506,0.13245236294962473,2,Long Positions Only
0.11571371492822811,0.12356965817815173,2,Long Positions Only
