A,B,C,D
-0.024034003963498,0.06299294736045717,-0.13437491876895483,-0.12545986155615535
-0.02887839484457182,-0.049726605819013475,0.0872653970457764,0.12479763825402074
0.06597981674156103,0.0874622693194151,0.1092363910371003,0.3803064615771953
0.10563422245800347,-0.07639253285333769,0.16123912146900857,0.015147000586692327
0.0469181298539297,0.019844726343074173,0.14432795518848263,0.0012783728298087216
0.054326987547742164,-0.010205124808403548,0.19342611264551474,0.2537764806120646
0.02137312896763546,-0.055443761543848724,-0.08702110305411875,-0.15041389263675092
0.0070305413161758906,0.1408534754907506,0.3416185689648667,0.4729830423546011
-0.006439998856109245,-0.021782005484421038,0.031913331821041016,0.10522721262998605
-0.041076467447950404,-0.013571869105022422,-0.09904337108737069,0.20784598750189134
0.045486293953313855,0.3538244885812975,0.5456570725312215,0.822227986392638
0.06334552266364296,0.15389291869662713,0.2386361593187179,0.5593242084365673
0.016900140671434614,0.12875023223901766,0.1305899788082865,0.3747438144536602
0.06483886456198187,0.1455206891066295,0.2646773035591288,0.6088852075858461
-0.047318065899393885,-0.18791032518762918,0.15026058356532435,-0.05882018980051029
-0.037761487545253325,-0.1359150002628874,-0.05879024826009177,-0.01287027270674762
-0.03373750661929742,0.15261814786732444,0.1362103727810842,0.3656971702683446
0.02029993186925591,0.11964969270688743,0.2203008389821827,0.30308417510253205
0.043960287510555474,0.09171828441913321,0.0984904474478471,0.31821776517422723
0.00939785492520974,0.17774464354312777,0.23540163530944425,0.39918778075907235
0.10893000915849661,0.1576132048188692,0.24103713765293802,-0.03969021343049345
0.007641236376670869,0.09465919054956505,0.16017668022703846,0.2499260398100551
0.031464249397423524,0.09071863833730091,-0.07766274087797725,0.2679523213652172
-0.028356243714432097,0.04840672248369565,0.39359866205494154,0.474011139060786
0.011694971859972494,0.041289214798694227,0.040576182510692074,0.644683267815962
0.06073263866399571,0.25995203724819355,0.5459361824014684,0.3995956971661302
0.05304636454375018,0.2619664889258435,0.03255470250603239,0.34888135016357924
0.027104421052970888,0.03001162496646076,0.18607193164155916,0.3372467549406754
0.028369149670907645,-0.14331629145515842,0.010599966488967744,0.257443394628974
-0.02965556955207747,0.09385633310684136,0.09763842238715903,0.3381173325764648
0.018921774489345164,0.28575000751894647,0.4233532918896784,0.691276983819728
0.04144333767520937,0.19136747800753978,0.3269604194595471,0.1882302347920572
0.033732959776724296,-0.08698198052879472,-0.04030484494062889,0.27597989021943525
0.11695087778208835,0.3047461414854994,0.3449372767806046,0.31790670443210806
0.0760241486916925,-0.06274876544881738,0.2581702467854126,0.01312639941621277
-0.012333173051820513,0.1869219396749941,0.5392032482107041,0.36705663400010735
0.016830038059360956,0.0911558852460731,0.07846055799939544,0.480622957411797
0.05113814996079924,0.0007718564872061934,0.2517184247763707,-0.0016763873940410234
0.028860360974643805,0.05462148642754315,0.15776500102510943,0.26112682888051
0.004089855614860024,-0.10312463765647215,-0.1658750236389687,-0.22219699935481396
-0.04838003479421239,-0.1691961855003009,-0.07414591806822285,-0.3445421123306211
0.004064245835221532,-0.05182976616107936,0.030425708427896395,0.1996110693515557
0.05631415646849834,-0.040630867854145866,0.3353363085737007,-0.2799184698790683
-0.014628119140985284,-0.036911683976986034,0.0011094444715276652,0.06107454499776588
0.005536051094520971,0.16279940791545378,0.258849519129452,0.525677091394034
0.04747076166015473,0.06143884920216952,-0.028230840954799746,0.3396649214481098
0.13380690181399285,-0.07440879907278247,-0.10919349380093576,0.02375999950488422
0.057263850333853394,-0.0920034966197894,0.0035256092759764768,-0.20810387902705263
0.06829814911757888,0.12063080758630965,0.2109728052761416,0.12018331468940598
-0.018979667205620023,0.16124686647420716,0.30514132113825315,0.603177639717577
0.022779934114465404,0.009555438010167436,0.12330959022669474,0.3907830805210512
0.0749808201234625,0.051667401529156345,0.08844696457471588,0.10971686305889146
-0.01500927944765491,-0.07142659343828833,0.05199665246171785,-0.18898707495072842
0.0851869077079206,0.23958028329180178,0.18234910655329808,0.5294354648115539
0.05179441963426008,0.18161587370426163,0.252215140451001,0.4271713759875262
0.055274190884208596,0.09881409311511545,0.41048742987544595,0.07641213746784127
-0.0657530752011286,0.051204787491087506,-0.035279262502833975,0.32387707876570815
-0.061419742874674194,0.04348407589697045,0.1358807145909533,0.12867206908486117
0.031249686691059122,-0.03485534793855774,0.2644114742214923,0.51222826654863
0.015017770205248415,-0.045566996337571455,0.09006157808783959,-0.28114831383252986
-0.0069179716762922845,-0.06179560477095425,-0.2358675593059443,-0.05373616052101726
0.11860116384966425,0.20674050700458588,0.326735000248496,0.6504762594870523
-0.044256208483716114,0.13206551212426595,0.29999964428116965,0.39106976254129616
-0.01724674003083532,0.0041601842909264886,0.02356752769168083,0.010068688729934466
0.004706852357026172,-0.04454123731506286,0.13646539136635782,0.406724716962984
-0.007484783465484552,0.11117130832685715,-0.059885181304950574,0.36084843196155436
-0.04545411858717528,0.12553069241424922,0.20158312240946547,0.19516803560495508
0.05843601479244072,-0.04127674140290409,0.06192417240230612,0.020717323226129958
0.02243495831150303,0.13535980528505412,0.3231891789974729,0.6820600367085581
0.019499593886085236,0.2831249673547981,0.4213296710252761,0.5712960203863363
-0.05455373605637917,-0.050135622761170895,0.043550033609982566,0.12361101575727745
0.039668308350782513,0.04627579260364234,0.1914801278923489,0.16346740974792567
-0.03175010494923691,-0.07613517253502405,0.15126619874836084,-0.07772688904029351
0.030010450155306623,0.05569034825523367,-0.04580793900881441,0.1720891205056896
0.0010392784957937821,-0.0064910237530667325,0.19373502335137843,0.1123737936095112
0.06958063738479164,0.003927417760110255,0.10916987270249594,0.2449122391807183
-0.011579860217019056,-0.024913405070112707,-0.00745970239863139,0.2975274562211543
0.04733386772925714,-0.19170238460629446,-0.26144289106498786,-0.008146567428016671
0.002053705683609016,0.2735638132084032,0.37480099878499773,0.30278201482960243
-0.11907872096397464,-0.17221098925674486,0.010469211359079078,-0.1470176499087975
0.0008457766997232719,0.13815473642319442,0.24534940108677875,0.11708482567447091
0.024200950597712677,0.07785124984779924,0.19280178890576102,0.3664154871875679
-0.04728897779727799,0.2559680427335601,0.2023109852610551,0.32265568553402524
0.04373327561686966,0.14485592853990398,0.1590647084537106,-0.011238623013207216
0.05664231814697096,-0.02264608443042386,-0.15136412417361092,-0.003346585413473435
0.08881270060747092,0.1273358253808886,0.2580662700382767,0.15920848588693876
0.04222952040838317,0.05920021298584883,-0.04185386870468569,0.20018505235722084
0.011326274605725153,-0.03398570197435037,0.024288710981742484,-0.06424930714912991
0.03989728356972089,0.011379364623671749,0.04850281379541989,-0.12405720786074403
-0.006978648024329206,-0.06965757834249886,0.17503922518540782,0.20668276292792656
0.09648982913985962,0.04501520072509828,0.24532452450268102,0.5278369877692868
0.014941525076230342,0.2542654962157226,0.1994355199670502,0.18225545687989955
0.03370365962612949,-0.08266879344812952,0.016936212250476368,-0.26615130447198565
-0.008008061866446491,-0.09864297259083407,0.09389043753012252,0.09821511657299926
0.0037676080956075345,-0.020381822087500265,0.23276617463230276,0.26220772524510094
-0.06849129649074613,-0.11533500328568191,0.21850073642999734,0.1047216004803838
-0.029171089334954357,-0.09322716687990756,-0.2654922304007241,-0.012307195510828817
0.02180253035897191,0.21911413079569805,0.19947622198342066,0.43913727880526415
0.011033522648469265,0.22125868456748757,0.3175879457782913,0.306823116443007
0.07871137567345572,0.02093176390627495,-0.04113081629936502,0.13754667410780846
0.11186125283162018,0.19266598915306637,0.2660543062629936,0.44533853508001553
0.032968361685327005,0.024212540856454003,0.08070655715303944,0.37871988533211015
-0.0014152294669825191,0.0749722325953036,0.11304371221573148,0.30422170176968166
0.033271215947252825,-0.11191574877467544,0.06372365340144498,-0.15483774760671515
0.05637947185133095,-0.032753502309668794,0.11444674333843019,0.3043392464090868
0.113213114943536,-0.014784922582255264,0.35152177131483875,0.4208487778519794
-0.0749883319043526,0.17926316334564424,0.26906835893555014,0.3212568165951432
0.0036127938770810393,-0.05512814184093673,0.1931185155206486,0.10850347588780021
-0.017989297299676816,-0.08102983875955685,0.061113834307460854,-0.021192692024514653
0.019433996055666404,0.05127591843798271,0.028858393204508462,0.3533189807702748
0.07611223104309406,0.20231144490040137,0.21427933312097308,0.2555816780258234
0.13067066767072794,0.3403430930634438,0.44211931905969026,0.6007978865308743
0.0801808141301715,0.2510094324108805,0.39531665661917387,0.28579908397554155
0.053133590749184376,0.09213267330836537,0.26558019463897636,-0.05811599813846896
-0.011326688704357633,0.05556403708497317,0.20319427461089554,0.19446195836721786
-0.07412872117513762,-0.21705542179609155,-0.3197404833222768,0.007052596151373103
0.06464584631185687,0.22993354460688734,0.23833422879090654,0.6749720599090097
-0.011980918955266037,0.02080654898116502,0.06184630006361724,-0.21181412386009046
0.026841941764153044,0.11276198710083926,0.053034237703677586,0.31403991584935054
0.01874182368717714,0.12626418074856044,0.09987738140300587,0.42917270090202275
0.0011428387306785248,0.09394925421115057,0.040183539361219364,0.393552089366767
0.020113891484503252,-0.08367234359754588,-0.026438104772516374,-0.0458677965632624
0.046691114904510514,0.3181469125321261,0.30458701480954187,0.7244469619692506
-0.009224458663003459,0.24560516122316178,0.367305212244869,0.5230326343874441
0.0746673067169875,0.0027338832205252156,0.22258577977282315,0.15381337617304103
0.01300506253556082,0.07049167433339415,0.19257951801620793,0.09593999522497977
-0.06342678759337582,-0.23661949920392372,-0.1149500812788867,0.058700599826946864
-0.03875703212384668,0.06699989585463043,0.1681131451553717,0.1289813308196197
0.05480607782138984,0.047564665936068395,0.16136353216297683,0.4339109803220468
0.014286523850635736,0.12254689369972434,0.1902474926920515,0.23961991234358163
0.01598577608308201,0.15253833676029416,0.4262185963651336,0.5095091608493458
0.05963689740671879,0.04444750111829019,0.07839961436520372,0.4594912938982701
-0.003064537629982853,0.22260143055034803,0.43627806098259425,0.5780973523962678
-0.012964124566019062,0.08977927341546717,0.02952066598503257,0.1390255724634588
0.020375225621866357,0.04258966283922305,-0.025489967922537465,0.14511489177131576
-0.015601072068340414,0.002052920104056624,0.1317083096398114,-0.05870108817991865
0.015200750938737094,0.08911186665825854,0.07430604256331266,0.10381775636419502
-0.038018793124516545,0.05527502867528395,0.08683486697927634,0.15489214478029806
-0.0565574914624106,0.13528457103830943,0.29771465494012184,0.14003155112191118
0.0634501609814628,0.052506529512618215,0.10318181877299742,0.029356091282179753
-0.0230312532010678,0.08011917662687,0.10260218712536831,0.021021214107038055
-0.04995847107793977,-0.15777542768318867,-0.09309124319080497,-0.20494008909521572
0.12557194140436434,0.25831839622844166,0.44496981555057113,0.7121345818730358
0.091094195386763,-0.02927461620595287,0.10371813426803247,0.26954081320709394
-0.04909848874081778,-0.001960710569542473,-0.003774213474028121,-0.2970519771065133
0.04577665715372623,0.12059132273186725,0.1666169081503317,0.19137946865015662
0.012636620975735507,0.1486286328757801,0.15878142400257572,0.32268534691452694
-0.003989518376248138,0.13698431778336603,0.04209185064300022,0.2156249440355326
0.044174861828687795,0.05528589393534894,0.10094812925758856,0.11577285035381242
0.029989647322068047,0.24890312471692325,0.1775875662476664,0.18507637725535755
-0.008713906115837868,0.07568266745740586,0.17628950801512167,0.08358090709343806
0.04522580264372966,0.11457166104541955,0.008146322375588266,0.06992682994960184
-0.0768370414878265,0.10019289586689523,0.180837737923989,0.12519125922409874
0.04040167588886462,0.25565789530062505,0.37040307704995146,0.3687284041365393
0.058235355693614585,0.24765936097274835,0.46820710573797386,0.6969350922923947
-0.0018282999858747137,-0.16203153704722853,0.011555223570860501,-0.06693272657016996
-0.03185522971897019,-0.13041176604711874,-0.08503803434535495,-0.4169443277855223
0.00648241040237877,0.12449367675473202,-0.01256731517215165,0.37368289180994435
0.08897845210669611,-0.01840520788826451,0.15140253667022438,-0.11848704441358832
-0.00565245894916468,0.2196090175543976,0.1721473256625034,0.2447466197350584
-0.027575450451768586,-0.10202785127278174,-0.14483039917985072,-0.3748456988544239
0.12609461731149266,0.17952867761257366,0.1686417830625614,0.3326871652366785
0.02213384856676569,0.2122124606917684,0.33014634748571736,0.511559356610467
-0.023441396169832044,0.16255179677236095,0.23394225341033745,0.5516801631220898
0.054934270526844894,0.24101158556487834,0.14967165318637682,0.16372497728380808
0.040806498892792836,0.23462333940320393,0.3200587242079985,0.3690909786990192
0.014593923355550643,0.1870642646593371,0.29991900152542583,0.6558920140927487
0.0470339988467857,0.07078284021420579,0.4319825917864759,0.223002616362433
0.009199295473051611,0.15708702492883886,0.4988791523142839,0.37533782455694054
-0.061361110087315054,0.05428070262275292,0.13080711551027643,-0.0761134999449905
-0.014063913608455655,0.030577753189547953,-0.04472671925047145,0.11742824945798273
0.08267059757410819,0.3003023840828533,0.191645268086767,0.6011670164059358
0.01822456815207216,0.0728808388415633,0.12186399575322687,0.04763464451241817
0.029268235783729127,-0.0012961842079657754,-0.034939176599829425,0.25246853014196197
0.004365193791046048,-0.06082228011851201,-0.176081273206002,-0.08563828987730315
-0.00460996872680906,-0.313402616008793,-0.4238682237574033,-0.5350035437477756
0.039193766993665266,0.26799659537009535,0.2882300624335381,0.10226705803056146
0.021708178010780076,0.022581639167996374,0.35211310302387105,0.0435312678137805
0.025895638701486888,0.26414514914577236,0.4080862200532608,0.6615504756582218
-0.021537881044792397,-0.02329187751123435,-0.1475830096879033,-0.04306410836719882
0.07580113425897118,0.002357245035786909,-0.026655487789828625,-0.09334604941101415
-0.0096339424584337,-0.030437574977679585,0.04588566621252067,-0.058037236140225545
-0.053146990182405054,0.01695944165523977,-0.11675812776561148,0.016055137037654543
-0.050089530139663344,-0.18689072976646837,-0.09090081599504751,0.28029925571761394
-0.00833597460442883,-0.04297632284591846,0.17628511210951978,0.10125783269868927
-0.010345256543234267,0.040264760144119546,0.37570099628551984,0.2124683715307786
-0.022051138896580644,0.14034707381623046,0.17757049918184026,0.3048824630873136
0.03635770096403776,0.27380618368457266,0.5074942204652475,0.5579314376915534
0.05363882115703948,0.16104342428893398,0.2086738145360943,0.43957156114049856
0.01760805043637428,0.022202409528136083,-0.033797885513516146,0.2768084728300135
0.013059965089657552,-0.05201150289516582,-0.15482437003702662,-0.6013464744380117
-0.02289006859074252,0.19252343092136825,0.451301785384846,0.6446554681201648
0.05972814267766689,-0.040001030415651964,0.14927693437925782,0.5407792193185406
0.059092131929785616,0.04040416010678352,0.16285464047826723,0.41916072526884257
-0.016417513947687003,0.0599971034004242,0.2728188947701744,0.1566472014868075
0.048336370422857614,0.08638259987968673,0.006648946958822594,-0.02821298124263802
-0.014093014831632559,0.053729792797880885,-0.060614782817616314,-0.14330187113607717
-0.03037816681598961,0.0168478132998858,0.0353913393354502,-0.2754053155800261
-0.005596599330337591,-0.0839258064680688,-0.1901119289303099,0.18050670962867252
-0.024705472088064614,0.06187314273164374,-0.053471521619638473,-0.15758053309601328
0.018033376966591495,0.17467097095187326,0.1896912855033893,0.509249940485033
-0.002761156065915607,-0.19242408167445102,-0.09236452316606791,-0.1307652736882075
0.10696154551329128,0.27708055594590375,0.3563113091002811,0.41971556979451813
0.043659332350857824,0.16116455554480008,0.23796541398728321,0.25477152871261555
-0.008199894740411055,0.03602339422698219,0.16145462389278137,0.014153590705216018
-0.00587216340723409,0.061179116403192055,0.3598725418365819,0.6721924747895074
0.023627573947973,0.06019308953536416,0.3198552229121814,0.380724591121389
0.00047428556055326837,0.19877115640585746,0.4585168732299594,0.48101701708057565
0.02508070398379402,0.05890896398242955,0.2679245733095191,0.22246340870766246
0.03464869538623715,-0.006114196033308608,0.42364387264053316,0.32794022803093476
-0.038541107235941174,0.03280109854691038,-0.04197370568791525,0.34316254708056193
-0.01792094057713513,-0.10587408589841499,-0.18285447492223697,-0.3299331751291467
0.06253045564588018,-0.04984517343121042,0.18421998160085767,0.13866412153468113
-0.05348062199588484,0.18661812862566057,0.0795070160791142,0.3475736413068594
0.03848074027621767,0.23065149077155334,0.14918385004443144,0.0744480112009698
0.052738330126264804,0.04965008431176689,0.30456835603222376,0.35810574871848083
-0.010552835493039356,0.1874324561482893,0.22100434688310666,0.045302569902598316
0.07065713634615398,0.061192273444403596,0.07011611508203353,0.2089132222591715
0.019654528526906856,0.20020249385091357,0.13783711698442083,0.35291018298083987
0.03787024972081729,0.02447978584516372,0.09338752167970171,0.09361992829702641
-0.001590793678707774,0.2617347573613439,0.16943856362164456,0.37646003978469217
0.025401138822671192,0.11324405034645621,0.03674052836615126,-0.10431458650364783
0.03912987519894162,0.19245191105807113,0.1984806946290691,0.23989651473334805
-0.11246280621747294,0.1598901726385161,0.26855453186889056,0.3258067537673843
-0.004879266307175081,0.16202412840827668,0.12935401600271226,0.30957144758593236
0.12362444682176978,0.16416729850587963,0.3450128426241067,0.3626791419669296
0.002630229685218359,0.04676063331830527,0.1156238005207829,0.5466966289235469
0.1256646180983368,0.2066484402295675,0.457010394073167,0.7279366774351095
0.023742684472107978,0.13728631376439088,0.4432303461539884,0.21638147348498257
0.04545506286578621,-0.041535330909045126,-0.043342097285395786,0.2864735856745547
0.09863279698715872,0.0600428589660612,-0.0002610173382963099,-0.006694587071459812
-0.006432792971928808,0.09419835275848837,0.10680760227602397,0.2673618518418833
0.07126203101545801,0.20028262241049646,0.337534170380168,0.4682450670853954
-0.008642094340903447,0.1479982694004165,0.12602785768037988,0.5102203245220109
-0.06584221972875429,0.04574749022904048,0.0042331559437898125,0.306649114976857
0.0010918350742555143,0.09381596659971454,0.33250935008012894,0.5233489208143395
-0.018569441147584607,0.06793150324974091,-0.0006928916824099907,0.5032670152503869
0.02824348989002953,0.22796191515438863,0.09027974726823776,0.37271835191713043
0.09344141041247547,0.1787172814436817,0.3838593322358579,0.5888975852906044
0.05025522587934156,0.02629284190972494,0.13289524125092506,0.11795385702913634
0.0851390788864449,0.0927365574575899,0.13149456853365982,0.265529820719152
0.1128331229587978,0.010106327270851555,0.1974541425280343,0.2679193164977998
-0.0528747533468593,0.364103628417271,0.4497723543939781,0.7684050702896286
0.012960698194507025,0.03320979296992372,0.4944672902175412,0.48627694466814947
0.023815631709288226,-0.029697451927442553,0.18115162067894336,0.410164104984125
0.030130649443867036,-0.06111781221452814,-0.017069218082620047,0.2769212722021955
0.05657300346380713,0.04822416487092222,-0.056488028390835276,0.001361465168472492
0.019061955642812087,0.0034492541034935736,-0.17710806548577265,0.35491738868878586
-0.018698107133462368,0.1368302675036532,0.3854232108850867,0.4144710672422196
0.017888108773438004,-0.009180883375918006,0.06257666735653745,0.29460450000218347
-0.03367832254188932,-0.06269530779861754,0.046027377104343736,-0.014680256327340324
-0.03940560304598631,-0.10748599018656613,-0.13563949289167535,-0.3010467604152203
0.04426162419964441,-0.007779390936383343,0.33772863653610563,0.3535241441124337
-0.03215542213996578,0.2808219129265681,-0.07518959721580093,0.3100362219590156
0.07732751214020953,0.11175251355423663,0.017419014900021262,0.10243906923286927
-0.012379148872739772,-0.11641837098200736,0.030394458939348917,0.0002527896042338884
0.08233051552933544,0.027208692488683725,-0.04790354844046352,-0.036129196411295084
0.012596081280838011,0.001540388117665395,0.09382090010506805,0.06323335239676678
0.0397101616242084,0.09308068750393478,0.289130410206905,0.09129706429882582
0.027991362822321612,0.030111202867207823,-0.033554535788279605,-0.01822258164352103
0.011458463402262142,-0.13045520038788017,-0.09400487549423375,-0.17212131969686328
0.08541354965434508,0.21491427863407744,0.15283710175960954,0.6175728888774721
0.07317211034426663,0.2292006172851059,0.3848582444850297,-0.10074495218073576
-0.0024085651913354905,0.02389378771031942,0.06331372387945036,0.11241932455231025
-0.05239328148389945,-0.11315680296987574,-0.07590638913516318,-0.13950079055889586
0.0783643841826411,0.008153896528312374,0.12902657877771853,0.4011252346001928
0.06243460506677122,0.13517322046266117,0.21978114377258356,0.11208965157054478
-0.023481408095750358,-0.08606082355375341,0.15804711791488607,0.2523930259303729
0.0030257917898429895,-0.018156533253194593,0.43231815972806775,0.2096371880891772
0.007790284423656707,-0.08805278787586718,0.14939695667470929,0.216412248271244
0.1405478861754043,0.007121137772333003,0.13402403173509078,0.16326108120404687
0.09544151260351907,0.007640095887323166,0.25537865853319186,0.41533081624878
0.01168172945985712,0.2064138381566938,0.4651920104881473,0.6316641999696795
-0.03505972231208178,-0.09257108885005308,0.06433642014300282,-0.05330979497868288
0.01933818734456819,0.07603042733350478,0.09849788336737475,0.108332669127716
0.09441050235260691,0.12615757480065587,0.19209289698058976,-0.011402894976724837
-0.06289754144975795,-0.3485357128712901,-0.13375792817493856,-0.39552850649328214
0.009946105870922067,0.1117911407003458,0.4165486218063912,-0.1331786511431048
-0.043475489376976525,-0.10816663438641533,-0.029430444579361725,0.01394850780340906
0.007511332316595997,0.1388762640339089,0.5434353840828205,0.39342631474613143
0.018666630542559546,0.26122973846580433,0.19100581373753356,0.13486771219202565
0.11486414276877142,0.16764237771401935,0.3074984211407647,0.13515538771012287
0.04599938741282903,0.08649379792431715,0.1365734945044344,0.20779213620484277
-0.01287115151168296,0.0919230969244118,0.059833204635324516,-0.18975277083156417
-0.007486087217729535,-0.03302670102696684,-0.1897810156835729,-0.04540357323752789
-0.0569785472985847,-0.034241740188862696,0.18657008684807666,0.14339052644925968
0.008910465289776999,0.11634708544217326,0.2892040082615132,0.22894683139365005
0.05611578354156069,0.2268998875598196,0.33776183023537903,0.6780641231751989
0.0074448300917277985,0.009997272898620034,-0.040837484725370105,-0.16096536974335224
0.05602790210186448,0.017929084275711965,0.2585532159133024,0.3007216710793429
0.011882553155118863,0.04300251921175109,0.05673177003701976,-0.15205016649634473
-0.02803734009372127,-0.07592762075721754,0.18277203420844684,-0.28757684697789315
0.012211436000051649,0.0019439900861552978,0.2359935900948401,0.2651350673330524
0.013717072320886937,0.10143679697602934,0.35109212769491893,0.6353223186135156
-0.05263403694985226,0.07776300201548514,0.08166169033356321,0.12227240149609779
0.09716619972414453,0.26227616370606266,0.3873562703910468,0.609128068211441
-0.017955345846605974,0.3028260066679407,0.28972605643483795,0.4819387580393389
0.03009494725997757,0.08620893723043452,0.034327877395242984,0.3123762091903479
-0.06697676872844611,-0.0036803211704095617,-0.03039424405230609,-0.1536894906949675
0.03492977280915872,-0.005008726785018458,0.08727945727061118,-0.32422555805078673
-0.022394470616332905,0.09863372455185326,0.13627710107081636,0.019759478557286242
0.06461344025013524,-0.051421501365501346,0.1885418073566995,0.2382354992210268
0.014001713193851677,0.17285284784714233,0.01138583354726977,0.3891254722314851
0.07461408016636241,0.23408653686408787,0.303159767883458,0.179977290982431
-0.04434422447344663,-0.09117353683802451,0.0596148576460845,-0.03017480489368407
0.04092496851698322,0.029211565241925752,-0.016781819314965335,0.11869075837700149
0.005103076572007275,0.02802937973482035,-0.12388085724763151,0.06406369018242322
0.03552983099771418,-0.25818928511118305,0.17263486146958168,-0.047247376341131575
0.0551131308004352,-0.12053506641798534,0.23194481109789217,0.05593217506338452
0.028547917682672876,0.04817415427372665,0.18677945859114464,0.06904407759417303
0.006276050378221184,0.17242556836786288,0.4079952420473324,0.5882104815063978
0.027600997972209856,-0.036452254907314824,0.10330758720023106,-0.19343744041553135
0.034083264133564536,0.06923159055256271,0.21589475548961756,-0.0011484739320112014
0.09237866198103886,0.2762649307091325,0.13763517576238712,0.258438470778935
-0.02238766082584222,0.051270558844430054,-0.17233259916210794,0.06668188631427086
-0.03893899529145747,-0.08178265954689298,0.1472754840763318,0.05493247439027332
-0.0018818533872642963,0.13716928573762488,0.21269721144705445,0.688361431202513
0.06607529653237891,0.1145774343642738,0.1724243922121255,0.28697045816998745
0.011940666773912116,0.23358805969138408,0.1986427842215692,0.3234182249224471
0.04301069555649457,0.0339814006870982,0.2512971319602385,0.5902066618364754
0.01879591830410328,0.1596031627331987,0.2549896612719796,0.19682344848272457
-0.015486442486433782,-0.01990400689866148,0.021051145004796074,-0.21329066349684578
0.06564501405200482,0.12335226227364121,0.18400797059377438,0.5227883071130508
0.030334902323082606,0.3013229063731151,0.31809534442174653,0.7973389483741151
-0.06382586054596494,-0.10746519006476468,-0.1310393432727632,-0.313849146930306
0.01089870530832969,0.28827535088135475,0.3348270632818864,0.540638973975071
0.06688983602226063,0.2191344497070565,0.2453735700371123,0.6184343645944187
-0.019600832192517497,0.11672116221092879,0.1394196589584751,0.28709614118544774
0.06002941785376348,0.10374596350331847,0.3063885602022136,0.2043430590803854
0.09981799087265035,0.20450737187718568,0.41988868474063135,0.34203352066522297
-0.09369079659321612,-0.2211919433678517,-0.29070216437985463,0.045395352086197244
0.013701569800726624,0.11279499602765258,0.0718284676120208,0.5220084331314874
0.12481940875218203,0.15586855656936088,0.27858815617846033,0.36970340231550924
0.0495101348082045,0.06048078384636061,0.0993830691461693,0.22516439190113421
-0.004489206422298775,-0.07551052461781535,-0.03688411132099825,0.3745806903991822
0.024328539554864352,0.13899713796424396,0.1952727393825686,0.37614603521832624
0.06396892743856364,0.15184532995664857,0.2437181462651194,0.23321358855483937
-0.03017002432787617,0.2194652881670108,0.15884309618022346,-0.07467543754030248
0.02432601130384993,0.16755159034149286,-0.027949487647906418,0.14146495519020197
0.0458621039553581,0.1499548150975467,0.374010213128523,0.11608919965617084
-0.01423098153100091,0.07543772125155256,0.08263489323072506,0.1012373558699241
0.04193247115091314,-0.11903854490856575,0.0837850366182727,0.25685752659167016
0.04244221139959445,0.19976857967817988,0.342477880250588,0.48879044584661296
-0.08819744173158969,0.030593810088568076,0.11134168132425702,0.3939439851692591
-0.06607351136372126,-0.05374521067070913,0.0693213499016631,-0.22163369248710302
0.0734784701825234,0.01996948351336318,0.2532481990534605,0.0061429568766735165
0.03405144502684988,0.19817295613493047,0.2041872913836232,0.4851587435641659
0.03270109842214007,-0.05849814153583316,0.08489746999722095,-0.009785461023238323
0.02618170452193521,0.24343977210717177,0.458141020483266,0.6177486932164672
0.02760742764097618,-0.261526017319669,-0.09480560919064099,-0.18808346407232573
0.004863973851806785,0.28726155100895445,0.3290754759078689,0.3464806616279876
-0.013792279310122686,-0.25984320138848466,-0.3111208216493042,-0.28532097657473965
-0.024979838288238184,0.04097661001641707,0.07238367835412036,-0.19436865634981265
-0.005800909824186951,-0.02877637054887526,0.22744595715534038,0.11059675012247631
0.10115417784368999,0.08913647769312194,0.2135040733836362,0.16872922352549394
0.06328770531907246,0.13754724807000704,0.3357009087198775,0.39883078762526625
0.05405331009004734,0.25246088075930706,0.38191126174380197,0.6131992803572395
0.08749615515706519,-0.027846602377239682,-0.09976783667048683,0.35883549026855577
0.013091111930191936,0.1799342562191093,0.19979654326109,0.258059544250156
0.0800262601976943,0.21405354903232676,0.28448505876656305,0.18561616965082367
-0.09070530820695244,-0.0608017678364253,-0.1281420816894049,-0.0963952860099534
0.003988294777758455,-0.15282732052955164,0.06059931412893341,0.15775894958964257
-0.04224229884349334,0.23503482619394134,0.1261745291547948,0.23939413763884093
0.12040076260163571,0.2470929856064796,0.08171912340812151,0.3446141676596477
0.004667281243236648,-0.15750894795684514,-0.20037672339991483,-0.4265452101676889
0.06313518438983251,0.036809082374792274,0.2661678752543735,0.27103887609858596
-0.03479713068414313,0.0321752895833595,0.3990523617723073,0.412216879391039
-0.015613153583387534,0.1769093130735983,0.24672997712579212,0.49036078209488393
0.05716345045778394,0.12921664374832312,0.4912410579404748,0.2379366047503218
0.08321687666148651,0.07709207128743029,0.17535085610236856,0.24128930581441613
0.05225983620777121,0.08611584492553354,0.2193830309107897,0.7080917107178601
-0.025139906267917598,0.005582772253868093,0.14115364400052477,-0.1186545414858684
0.06386087472911127,-0.042502345080403,0.3271122516943048,0.23398349799370266
0.06695844876727386,0.18130948272432007,0.27754844089785846,0.5174867224016169
-0.0650134628899531,-0.06679596049426406,-0.08945936063206156,0.10930788872677058
0.09109222815497249,0.056220777666632554,0.04909571529761331,-0.04322223611256773
-0.051272043538578824,0.06079472774953232,0.08343298407886236,0.012261838480904563
-0.0032636058072215875,0.12677525031727926,0.42412491013870623,0.24656815819909175
0.004003503134640554,0.02409040782637055,-0.08068909858037801,0.007286394572571242
0.031596130922781684,-0.07255745183765677,0.14582483856541167,-0.23617832888899093
0.06327418310466248,0.18403923983401993,0.38820104248849086,0.5111601047144176
0.04418848386304282,0.13521730709963137,0.277357118036775,0.3463299062553096
0.04006709027871144,-0.05021262665753161,0.12231011143930039,0.13872551544427686
0.00525393544851932,0.17209620436122197,0.21125755182133252,0.25749458254755947
0.0277645377098666,0.0593861708582283,0.012055887522556957,-0.05179717452058569
-0.04130931250714473,-0.016720702049151145,-0.05329591736565656,0.07845032364324896
-0.08809351981389857,-0.0029818970670121986,0.012596065033596032,-0.11274476743064077
-0.04256611610063828,0.08517411903657278,0.12398679989991646,0.38331868101461564
-0.02137995923713255,0.1657827164909777,0.3232555952470489,0.08293906756988995
0.05021542509489091,0.2587669912350351,0.32365980688879237,0.17021432978345197
0.08460940287204083,0.2694755228325068,0.20380252195238358,0.12062471462032003
-0.05521143280686129,0.25407948561733473,0.14606812780636966,0.3375560066018354
0.0696391256077439,0.1536844556188451,0.14195088767583736,0.34512528506495016
-0.009126622232392377,-0.07604003507606458,0.060531544513742125,0.05716151581130838
0.0026609100242731935,-0.05499507466091366,-0.0011115976710354414,0.16812829841104393
0.054211540846900955,0.03318293709987231,0.112460850077106,-0.012961882863759405
0.016762454664637556,0.1011057414301886,0.004291331559539285,0.1447487539033492
0.08148556414640823,0.18975379253452634,0.27662453627193395,0.36516347157731366
0.034252440175387255,0.22347237149467733,0.4444576081894124,0.46440655687537036
0.022594804198785245,0.10603362716876231,0.08479858015621526,-0.16285410121816474
0.014221091177007782,0.1429972331633722,-0.023585815226599277,0.22395744058138495
0.04521859683844065,0.09758877529956168,0.18358982105115212,0.4178949298930102
0.10601840449882721,0.1538352415020356,0.26421113301504007,0.12153038421576452
-0.10260969453518061,-0.21818775942273044,0.00789605225146131,-0.1904753357537518
0.08414469115474837,0.23523999832088166,0.16015023409184895,0.2087743223640117
-0.01894319882899716,0.03714589518094125,0.052468004736468066,0.08710197565088945
0.0943787217162061,0.09856521474912802,0.05550368650171743,0.11596531801242518
-0.003750692136723445,0.0454802946532443,-0.061583227482883446,0.2636840083646187
0.07556239673965792,0.1506547412879123,0.28687328201590945,0.4978317089680857
0.06574131250188425,0.12542383357890008,0.23498329600137424,0.5362676688755368
-0.03460642967545553,0.045350835964314745,0.1450579943000983,-5.947399032757428e-05
0.01954952841990657,0.1910628528523928,0.40702646213675153,0.40472582115430633
-0.09765476229193365,-0.07853087746907617,-0.32045868328857585,-0.06965707521266001
-0.011999329703539754,0.24670497936399527,0.24965520219740467,0.30970239625967655
0.0976378701458932,0.19562705162413374,0.278754254692502,0.1587145560181624
0.016113895543755436,0.11133955233638249,0.0649841654223663,0.22214720285460596
0.0064071716048301666,0.1661717032398215,0.2868406710555006,0.28984103515450615
-0.0397230365682545,-0.1163383294458982,0.04452632946987993,-0.06745066241680153
0.04141090160504341,0.04593212967769998,0.07292871192334824,0.4381811452833794
-0.011999489478915808,0.021269318497089518,0.12652374462377564,0.35273930936152975
0.08978275711809837,-0.03707047215640219,-0.09158525046589622,0.20120985926030935
0.04369795966229821,0.13116983171984897,0.21939894161397336,0.40844694487240507
-0.00445939769979407,0.2048237986866002,0.2598660721025099,0.431785768670454
0.15888474019910453,0.08338976712614335,0.22153546517545553,0.5809331713196646
-0.027805237178162568,0.1697849737460125,0.29249181779111655,0.34280334983159294
0.02251806690086442,0.20791601721352482,0.17593380672800377,0.2876790907566345
0.005255652026236932,-0.14056249344006974,0.17631387659891481,-0.02627598237505513
-0.032550806409250024,-0.041131915186631535,0.11889549548110033,0.005459972772184352
0.024615397605009318,0.22592667613921713,0.42030844337032147,0.4526574004191784
0.0060756995135245444,-0.09034853733229281,-0.03923028850063262,-0.2059389748305117
-0.08966308618545224,-0.25192504448983927,-0.4674542208734269,-0.42695375836328736
-0.02689874753759797,0.030795148390625415,-0.09019291155752013,0.3337951475016697
0.09187070454911395,0.12987778358095764,0.05428583049909233,0.07890089141691674
-0.005834525341518588,-0.05574782759627908,0.02357073674361515,0.0683696265430768
-0.10412394744211013,-0.12157280177624308,-0.004153747500038302,-0.3038691373029226
-0.03398417503645362,0.3998734467661575,0.4382238350900891,0.6239386636830178
-0.036571898766027136,0.06658390009521087,-0.077432693401076,0.15500260105060645
-0.01089542800602765,0.031165089666019684,0.046786023602514215,0.30297633808742946
0.018077036003963105,0.11958560250964291,0.33902173834041455,0.23657617805287207
0.13435395296541658,0.07072456460659407,-0.09337006202498935,0.11907288684911602
0.008920339689954941,-0.06935723637395466,0.14707085462560915,-0.03918101396904736
0.01458227129133615,0.001855772969640776,0.056519467697284734,0.10739732353839977
-0.014392962283877386,0.2757247711378638,0.08218593388955664,0.20537458966824515
0.0708546866131175,-0.017042685099106475,0.21479699838085348,0.11710269988343686
-0.007752867579156459,-0.006442474158082384,0.1602219921844411,0.22387403097970138
0.003332307625475043,-0.05673199155227035,0.20103657886760798,0.34530697287247925
0.0625072608438936,0.28749804171895926,0.3421133286616947,0.6046106942508848
0.003530546846033336,0.24964833692788352,0.2848903850892367,0.5259321412207981
0.05904007686300382,0.05017556123065686,0.17227572976798924,0.40272854043333817
0.07739177478504247,-0.01743990721627306,0.07978909547864446,0.3322144630165188
0.09725371152943102,0.03195890117798157,0.08110711325520734,0.34010505656568546
-0.021192510705809322,-0.055695423056980276,0.01978348478488476,-0.01997604649352791
0.06247066577546756,0.049825047391084204,-0.000838428590545115,0.020290627400049138
0.04359052394192338,0.059934143985725094,-0.06569125218783425,0.3939307632592762
0.07219429555558989,-0.08359752101672513,-0.22816771023307983,-0.23268291210707182
-0.0036218477859550763,0.2040339869952418,0.397451285240424,0.5370341961766052
-0.014110083752318824,0.0703952126100606,0.07904815819163508,-0.1687571490584211
0.005101690668839464,0.050110637654807944,0.14004719463245532,0.27443602082551055
0.029083693193506736,0.10044769882964019,0.3090746434006184,0.485508973545661
0.03281088045646343,0.2891942331967613,0.38481276152067667,0.6941027888251707
0.059197191028928564,-0.06481058526397812,-0.05732318437624384,0.14497116023568388
-0.0012528181780568255,-0.05389584019737381,0.12572577195275988,0.09784895067585805
-0.04015331722434674,-0.04735483673870146,0.04355259660997626,0.10296716149671975
0.060401224023506284,0.06225885649502135,0.3823152215600617,0.5354727912786672
0.05572056108461229,-0.12296722749028083,0.22775198805929558,0.031137001708337664
-0.023993683122611593,0.08789186943379204,0.18736732338088924,-0.007000009643604227
-0.00596293103963174,0.1516554527612032,0.12747559465189284,0.2187507588900553
0.08049908193687223,0.12884184864932097,0.34378866582735335,0.17882040318200038
0.018971264675288233,-0.14250364213843633,0.16819091585895757,0.1101651500453617
0.0510760457834597,0.15228644089944643,0.1118395057295387,0.27393782799139516
-0.043651427302180676,0.053135439084308275,0.15356064834474925,0.3599066658532801
-0.00015573629701538458,-0.10293244924129391,-0.15049646021731358,0.11026241247128839
0.11889693369955745,0.14428082055315902,0.2935724042431821,0.48696066823211626
-0.016440219969072228,0.006322862714417843,0.023519979349261033,0.27210220401771923
0.029838088173827756,0.02960438402032125,0.2107974632620212,0.2332529146358199
0.05542276644782092,0.028448913874440415,0.05563491234448846,0.24891508326585643
0.05066595584511856,0.2197666811601994,0.10437247303111344,0.6053682717303746
0.043601780861341644,0.21724155041200413,0.24244994209129758,0.19517607844176335
0.015415877807873221,0.16547251871499202,0.3190526456236731,0.2921625233201132
-0.023162322683840598,-0.1270578506011763,-0.20662528892002044,-0.2059995169642464
-0.009722762041488132,-0.0038107251481466348,0.1762508174746807,0.025798473466714572
-0.07539280912129455,-0.18562556884439635,-0.13084163841331584,-0.31728167972234095
0.0244103100316514,0.11918380036532752,0.08737766569188025,0.12663397014518837
-0.03123402974761839,-0.049349891738809146,0.02994433179991403,0.06646913859050729
0.021180516369855365,0.09904396848722827,0.18534936837603141,0.2853821408312476
-0.05663966273403302,-0.0454608659650583,0.13855254136011252,-0.13950637202418098
0.03541345175328017,0.17548618113542003,0.19356506480493255,0.24035061196199675
0.06140593056367026,0.001984333314478684,0.2085564753557988,0.019937574907104627
0.07261949718800144,0.012845271401084865,0.34521448449565806,0.1947980553666311
-0.12063162395028056,-0.06256645515219894,0.05641613095699581,-0.2721825836707449
0.0003419181151624734,-0.20366057606428328,-0.18528391424095234,-0.30703397050316145
0.01679336273426691,0.01354961822465165,0.23290061239987833,0.2856314007564999
0.04194315420507086,0.35627313240751934,0.5413871449035131,0.7642689371235878
-0.007826852208499685,0.06198767162544293,0.1633394806899922,0.2991736823830241
-0.025429932142865593,-0.008505330799943284,0.0013164067019417192,-0.05709519333233232
0.053848637037910846,0.01905121197139264,0.41532896555769494,0.162581696010944
0.024651153398071595,0.12493794220947993,-0.16986341317426204,0.0689225069280705
-0.0033655129683106237,0.18515868788333084,0.177422449550129,0.3981135075722657
0.0301211903776853,0.07342660957020569,-0.07280535035972888,0.2225746157943905
-0.08603545258369201,-0.034567816940184154,0.05105983776967114,0.13264929154529365
0.101561324215828,0.10060571119755567,0.2245126187395931,0.4323628175754384
-0.02185083238760176,-0.05611188807836065,0.13117914768051295,0.06252534311214941
-0.055301589468397735,0.2591030030235097,0.21320621878124627,0.31107892762850076
0.09984666475886148,0.16815036409293227,0.3653930773870724,0.14751623078640091
-0.0714261421406071,-0.01696687083175552,0.025755369605301823,-0.202538842136189
0.0030518639059252603,0.054356217869414455,0.29816227852331434,0.17307432545438478
0.005715070766143141,0.06419810385441448,0.33791081322791017,0.7246163866482758
-0.03596858497470784,0.006153084291602315,-0.1305895285451256,0.20465229693914888
-0.014313081452102545,0.2067700585090844,0.12608959297513755,0.16144527361719466
0.03964795771856336,0.17707488811882452,0.32396729872757224,0.20150227592032433
0.0488210490820994,0.17643360224518956,0.5427391641790231,0.29685915163814214
-0.015108184302799681,-0.016284326273973387,-0.00401740728307573,-0.199555604027911
0.07848594550517693,0.02087445961586184,0.2180559307910223,0.055793769755614064
0.12546438341171456,0.23920227137141964,0.36252149289940905,0.4904039686157785
0.059817158461438605,0.309616661295143,0.3698957302888551,0.29489296145951716
0.08464084662601616,0.130682661313695,0.43015129716554523,0.5337031276200386
0.04049191329257193,0.10546931577519261,0.17703047090525975,0.5208012340864807
0.08657676673375075,-0.03771772552002005,-0.04338624021197299,-0.022211891738543293
-0.04249504614056558,-0.027208364273953373,-0.03310015190480328,-0.15210428502354462
0.006313486778534926,-0.03872716904594177,-0.28913928690602453,-0.14897196642311972
0.1298168353019184,0.06807438959816861,0.1445445566509397,0.2229946750397903
-0.042646351701278354,0.060879244099929286,0.16363157647943632,0.3607347362336406
0.012335954561790778,0.08540851903418271,0.43678453453238175,0.2060080053708161
-0.01782432166209411,-0.036490666239483965,-0.10040859766193697,-0.017218802744829037
-0.0038659614569414615,0.10135544412005983,0.271791932018876,0.38036629260351285
0.052097918000777774,-0.09185962519502353,-0.026336030274538264,0.14035674442201576
-0.014009586878945452,0.09981934430385032,0.08747572748189343,0.2693112445223528
0.03760173032443985,-0.055703384438122866,0.2114745674805094,0.28457332219313897
0.10470970752528672,0.05232097261578677,0.30623530420625655,0.175134773770809
-0.006516147986523321,-0.003172439639963623,0.35026561869547057,0.09343969690983274
-0.012241485354808308,0.20314247491752616,-0.03637896733632198,0.026525863698930757
-0.013983731620294895,0.038327344883367025,0.39945269229845276,0.005863867671026229
0.019729546805198145,0.16003766256997604,0.31416611258193927,0.5694580148664702
0.09167507855437673,0.13643384994103092,0.26265518584771963,0.05802755512799293
0.07430834600784293,0.1543185535884442,0.28646568894158864,0.32867492380282237
0.04430150050121463,0.00434967881855064,0.034665768059047766,-0.05850030057129313
0.026741006568931216,0.235429204420906,0.09062502572369274,0.35054616723983334
0.03768616951057273,0.11974935186716738,0.1377340297765592,-0.012370765677611195
0.05066072802081332,-0.16860173517398278,0.051137160197833445,0.07993970014499727
0.08519445996202119,0.016986151083935128,0.17021558614277255,-0.12132199557065848
0.0972803384502881,0.19581028692187674,0.21743775929107206,0.5757174283895123
0.04630475162765314,0.186014927157385,0.39447954502294613,0.2816228421666821
-0.012574336004029723,-0.13326384251037798,0.0928264502508605,-0.2960571328703357
0.010381011938496347,-0.04644541871454019,-0.0027403776056614537,0.03998688710893386
0.004345806580910109,-0.12521438404006846,-0.09256147188692337,0.06491264558478421
0.008910314299553523,0.11596835823113086,0.29064702888246363,0.3492554712078706
0.021602876631245188,-0.1476309907924104,0.05682583145190197,-0.025409727378206126
-0.025581795538981083,0.08611501544571293,0.3492608859658132,0.23210922212218763
-0.028123147133443393,0.12024337074210725,0.2917077685787952,0.03657152082963974
0.015750302413200284,-0.05414632060807656,-0.04073665740054069,-0.02545146053361505
0.04059151145108268,0.17439349705447452,0.319546430741521,0.7020654901845638
0.06129986586520307,-0.03797226975071612,0.022074834699098655,0.002502418317993832
0.036286397468170806,0.13782166454595976,0.05672054249043634,0.4179778895476033
0.023866464691575905,0.08492621713539457,0.13231939262885423,0.620155333075777
0.0605262930198448,0.0495367118757317,0.35465268434451835,0.32189743527893666
-0.00011595954714018267,0.026274758907685,0.10271574160297611,0.07239293052211593
0.07913804583183812,0.22862430189489272,0.26510897812303086,0.5516821653725466
0.04509242533787888,0.2502506970870796,0.21395072589414332,0.271524541541662
-0.011353202933357825,0.19838060385532919,0.29834287200758836,0.34401024077531417
-0.02859673052700396,0.04903277495228314,0.16828947284908344,0.2566910671855318
-0.007054670004015124,0.03846586510606827,0.20306488825726654,0.5025282918500156
0.050078646174191235,0.1527291491470545,0.3237021634985121,0.7179860685921979
0.09039509916813515,-0.0008138886980167542,0.029691723245783924,0.13729234744754673
-0.03986418282963071,-0.14918599904169003,0.13174910611109786,-0.060014136204216806
-0.009606942445102622,0.13111590603105802,-0.05000488000960274,-0.31263404639829445
0.030935913226455704,0.047606861404856496,0.0877656052042011,0.3809590610924634
0.01509953210522516,-0.015105870384843942,0.12513528739121807,0.11275232126665649
-0.006180265699179954,0.0902415986796005,0.10733081738410563,-0.1158421981399857
0.09271680757351321,0.21979858747531972,0.41738587067035304,0.5989574764051067
-0.03072791377719263,0.07885808270277987,0.2156787459764472,-0.08225359230968676
0.09534631758815161,0.2831743694915271,0.2794088833112003,0.28529549988994934
0.08366496180515988,0.3632605198453426,0.5409613281851782,0.6882930437337693
0.061625906472547023,0.15815641808077147,0.576221498017525,0.27342270685435444
-0.012541298988299431,0.15470420642143395,0.2076634833355887,0.0971834531694586
-0.05080181369460918,0.18752430674050813,0.21862797514500895,0.35456490711255506
0.04421089355151405,-0.12190545769972239,0.06411330812053818,0.04215232986875592
-0.02834756387923543,0.14145930018801384,-0.10068224843765936,0.04382510869843123
0.02782611943153951,0.0016304767426714717,0.10744606559200326,-0.2650788497207694
0.031219891657693732,0.0012389217252576634,-0.06950614807561556,0.03659929324102207
-0.009427981078412615,0.11883426090283099,0.17916647305919,0.30074998460185565
-0.04688748521055089,0.1004462227779207,-0.03062491740951917,-0.07908680564576892
-0.013595807033517666,0.16537397458554437,-0.07176240021854857,0.2464106195202111
0.010405864642157092,-0.06833098840290372,0.005461321245750939,0.17440345036815516
0.016327945845150845,-0.08702090664513662,0.12755843365169478,0.008384678415719632
0.01911686935563111,0.1870935651899018,0.054452834141377846,0.5037104316723132
0.0985149732956731,0.2537715821959561,0.18131744876298905,0.4079409067809055
0.07749432072222535,0.13096352239104944,0.4370681343958236,0.40692937004356494
0.09135529273893474,0.11902156214412953,0.24304865622809535,0.23744502420087119
0.005289188950073241,0.09476876029822243,0.21723059910250136,0.1678001147472565
0.04786230656502288,0.0914387288446929,0.23175082458417784,-0.04750544450280403
-0.08180825299854087,0.2072615328174064,0.29729566489278525,0.2826520053922496
0.05332800639363709,0.14880585497056498,0.13833695180920205,0.41337591333712775
0.009379832085792036,0.24818872237103082,0.36806181955348183,0.46427116098934323
0.05007345730621273,0.15171650270054104,0.2026013554786859,0.24948932305100757
-0.014925197342240067,0.18978254353996973,0.12340800758368732,-0.21726282514965056
0.019801211107917986,0.04547587260549735,0.25952232774247674,0.0867265806290168
-0.058578028257047166,0.15662162599584506,0.07994773338262538,-0.030534315133290774
0.05067471307341764,0.012808915169065613,0.08013399942757496,0.16375035244056818
-0.07928721796071315,0.048068253048878365,0.11296262330073081,0.03548293433062169
-0.017013821736852067,0.0009990868379601142,0.030979866336689935,-0.16098838308862745
-0.06066035858236833,-0.08902141795512591,-0.10578009333118807,0.08062606228338924
0.0304090068731096,0.03212846230817332,0.2505794026614151,0.4270240797405016
-0.033906192461748794,-0.004008433963054198,0.03391763813674879,0.04765229838033641
-0.03467417833903398,0.19142345239619762,0.09760288298456901,0.3300599358095927
0.04810654051505911,0.006469827518932866,0.07048784706088024,0.023176423649369393
0.0644195993395356,0.2993534002792768,0.5809482294983348,0.34142897363659475
0.037078516191898954,0.07375069006614354,0.29852798253358315,0.11199972244804814
0.006535082988540769,-0.08343544179570977,0.2955254599024777,0.06983903391155485
-0.0687510108777414,-0.16785101122891966,-0.08553433003011399,0.043642539681889136
0.0225092254871625,0.06535593860441885,0.11719974350209977,0.21534261233141916
-0.029940475425345798,0.17086522376124674,0.16816633455865201,0.5112897418125582
-0.07586799408413389,0.015813825282496558,0.08321607409432259,0.19899679250965308
0.11366130279704265,0.15526968363064497,0.2237159358679624,0.08040829328610197
0.04983145916591832,-0.021345510358824316,0.31457211854608563,0.4190621465584673
-0.012849920788910441,-0.048395432586632536,0.015262747209186495,0.0303435868243081
0.020036652039318217,-0.04690674788052042,0.13577628001036118,0.3333495741817536
0.06881313447259778,0.05957253525417277,0.09834148853181532,-0.032822500843852354
0.01868466974886442,0.059004938551855034,0.09859360261984072,-0.007797669667965884
0.018798810495058067,-0.01976423837193539,0.1916896408296784,0.3550061451991754
-0.010556558930307589,0.08035767876510332,0.19599900052484884,0.40281191439009956
-0.044831818292147496,0.027077738851316056,-0.07696102033052118,0.21538956029334103
0.06195061853881863,0.2073538808942546,0.5233803804986665,0.875066960539036
-0.018183857681980196,0.08530368483815169,0.07868090679314738,0.22563179947615808
-0.0007331414133893675,0.025918932636004248,0.12481256962008402,0.22625248788289995
0.11055132295104574,0.19944233042519546,0.4216905452817843,0.3414282587215117
0.027224459877651142,0.17049141331307244,0.024252561204185397,-0.030483364768307347
0.09820025689939134,0.0390474571016803,0.09194198118867414,-0.12306173382429425
0.012803539229085798,0.1732817419079436,0.21525506525657653,0.11429380875715389
0.04767771282733044,-0.16759251167861353,0.05456948036972095,-0.019291960786511853
0.04194778524880301,0.14638841333596372,0.5701359276996172,0.7051576651764178
0.0713857550729292,-0.09602042552606804,0.1287172448524403,0.3038113831604327
0.10792483332726763,-0.04863243688570025,0.06718963703476674,0.010540104323951971
0.08898531247483558,0.28405674523024327,0.31764786973169507,0.49888490842568195
0.05514261595553695,0.1956557920405893,0.41623774750128817,0.22256689598427057
0.020422630081752446,-0.029639180160382625,0.09087140476850494,0.3863217070340092
0.02124833237428597,0.044789755759377305,0.24666140577567292,0.07045041562970242
0.03295347365775208,0.12742047767520362,0.14262328963120924,0.16743275111022476
0.05863311217859754,0.08962015842111609,0.31088696895030987,0.20886579166862776
0.014472985156442068,-0.17617501266387736,-0.2586029479847084,0.2290882148499483
0.01811242699064649,0.1070090061812711,0.0814317431212349,0.17081902640165872
0.03437507615070054,0.1460240306919625,0.0816853975981599,0.4108670667526579
-0.11007002822700877,0.17350644717270475,0.14359632247415263,0.031526627325914464
0.06511746343296333,0.17351333344838632,0.40986166641826416,0.5034447492069092
-0.041087966158718875,0.06738685714686467,0.16802899764362833,0.28060247122139426
0.017612793569224336,0.0034352097193969533,0.2036718623854058,0.1514041699162776
0.0031369235939534106,-0.09111792319552148,-0.11178685938237218,-0.3392022282565314
0.06713914181732182,0.059982903361090675,0.07012690219143561,0.032443914931481854
0.05900267810839656,-0.1576753563174473,-0.14350899643798207,0.16128938400856965
0.013113834878911117,0.08447131057199984,0.1603005043524434,0.10601515903158586
-0.006874966330892563,0.08625566678241278,-9.048448992404756e-05,0.20675939248199676
0.03966399833524049,-0.10663516139800303,-0.06758701721389715,0.09857966807818064
0.020576866496390265,0.26268442905262446,0.48093072611842247,0.47220090476003823
0.05689351835171726,0.004239811514955824,0.09206923988451154,-0.28756029228992824
-0.010919029195489312,0.007562969974397225,0.15360907826366635,0.5562512076398664
-0.007673034602860916,0.22522492847742515,0.2157803506694732,0.5028210797074726
0.03587820290606544,0.280166596836142,0.25614085600674175,0.6498142596710742
0.020357858304295644,0.07401006712326406,-0.0160082482560511,0.2871206738469779
-0.03752898526891417,-0.10831626300287098,0.05792617932166713,-0.04012677456762531
0.0963721445064382,0.08891142200591141,0.2303957171095962,0.47473540716225887
0.028366060512886246,0.16831194361045337,0.03152184021851022,0.47723065151310046
0.035450021114211555,0.1735077834872104,0.2454255360973559,-0.07267030413134501
-0.002002826988227943,0.23990862012142564,0.3419631967136739,0.09294424177496774
-0.018636094412846433,0.1155507888188794,0.009998853039730915,0.14174003163132537
-0.009533935907772607,-0.09486265228741375,0.0030748062855660563,0.06545458645097282
-0.020832354158333028,-0.041152988760051065,0.20823184951900625,0.24356683097023957
0.02047146828716003,-0.08258084600763158,0.1476334555918812,0.15406686451422327
0.01555910505371949,0.04202146170050716,0.06884137187948115,0.2879514100520747
0.029768808624452598,-0.0012515462232883523,-0.0154844136775463,0.2955953511569177
0.018205209294719103,0.022006243312345755,0.004853884579441442,0.1151508313556269
0.06384633019157596,0.17853747121833163,0.28068594464755836,0.4662297848499777
0.0774019747533118,0.06758736519632269,0.20204472883266378,0.40805958485794314
-0.01942879409531201,0.10728160146302573,0.13340055133369558,0.030532219090354917
-0.02613150087580846,-0.07805689997329426,0.2600266353197886,0.14883556581401425
-0.05117095964057927,0.054228486457750066,0.2712685043476047,0.1336719723057732
0.03012476838924784,0.26198538552161377,0.17574544031926267,0.25494610202697154
0.07752923560951246,-0.12733137232897979,-0.08409337033909245,0.35018303266028267
-0.0526617239512491,-0.09548523885956567,0.11291154731384168,-0.05402889829354507
-0.007953391504882917,-0.0012522005368249128,0.16026165358319255,0.42044549427099587
0.054358518688140414,0.06958626939049567,0.28498148416868596,0.6507993360570379
-0.03786935499761712,-0.009998801516864927,0.08549837797720432,-0.29164158743175167
0.037029857100000084,0.1582096377084393,0.07588628057055241,0.18719321418337245
0.05141563130115637,0.06322327017624153,0.07763971050238185,0.13860321780139573
0.16022665425383537,0.3083412392116788,0.49701193122610743,0.5748667426047457
0.00016879465442643654,0.1865854696450603,0.3387257534011817,0.05520453093688493
0.013391004576896418,-0.03084914576320033,0.16603937954910455,0.14994787287553688
0.06847452469530671,0.12940591766757092,-0.03465531279647732,0.12248523091711509
-0.02436400383317695,-0.18716167720488225,-0.3287414852203435,0.2785537361421328
0.11683663221238451,-0.02277325430201721,0.13445158626236905,-0.026683376770849032
-0.011380536804393038,0.0799046716229098,0.1302072143161658,0.16921686604560207
0.01564463146198853,-0.004897156417898729,0.2039832085459886,-0.07483193108524355
0.07448164338971737,-0.0921837196638319,0.1656468067481267,-0.10764375099176998
0.011716121811721342,0.11451408658841981,0.23961093869731023,0.27263657777244055
0.09095233024775697,0.087059043155072,0.2999146707038765,0.023166491244948823
0.06107292275050501,-0.004742469276110092,0.03585555715200803,-0.07085330667068124
0.00955274767727534,-0.13534496390097736,-0.11905293794120284,-0.15977233626055548
0.08237214163837109,0.23028007664865519,0.4049092236384959,0.5088288145900097
0.000973655327214086,0.019362312797359248,0.09408385919936474,0.035460766431630486
-0.04524702744999588,0.07058817701380013,0.15148007038414701,-0.03842216300414933
0.06551827969911349,-0.046100064823840506,0.30640090702583345,0.011872029652825272
-0.07280844883814235,-0.11179063823127777,0.014262440514917235,-0.3630861215851094
