AAPL,NVDA,TSLA,TLT
0.10298775438477156,-0.313492676775548,-0.26063399139353227,0.05513483655225129
0.0010860137427036454,0.12615828429546655,0.035278418525826444,0.17794482143745505
0.26926635217309075,0.4051217037508727,0.263223146508367,-0.007004742744873414
-0.2027232845736996,0.10418777763924984,0.0020424247040076726,-0.05127184308238855
-0.08415585035286365,-0.016329110848694844,0.06685175335146579,-0.005133256175389865
0.023615181581688557,0.3317228398246381,0.22539576561792352,0.04531765061431216
-0.08342741029171218,-0.2251125568505657,-0.3228591048567029,0.03774081702405005
0.2325733260257491,0.5091717702553544,0.6343068077696077,0.09396032034082394
0.04938991736122897,0.0812301508630705,-0.023768933407796233,0.11908981400280043
0.23947053488794928,0.14864738823719434,-0.10447544890678631,0.18462093870851154
0.5241153342719659,0.8665767886648148,1.1925084273528015,-0.008428273049752848
0.3648218422183656,0.6115274694040572,0.552428660834423,0.0017590581548433404
0.3068484691631783,0.3478449617869521,0.3314043923968478,0.05479873492951337
0.3711676935657776,0.6857900979680804,0.6004056851760973,0.01375459484205141
-0.30688361543281645,0.0011065541972686832,-0.08405628232857895,0.25145435291823426
-0.06884885268400297,-0.02656334313061967,-0.2633844186201729,0.2053335816171762
0.33693292805605074,0.2933262175601801,0.3671850670325778,0.12679335026462774
0.1789631338318654,0.2909596480422522,0.3897609666542883,0.04584878325239386
0.2453508512497326,0.31068859693717077,0.2297285413169625,0.016446392382523566
0.2966560850513924,0.3670241821613537,0.5028379713504706,0.05207949882330623
-0.06861011948581573,-0.10166323106554737,0.24123437384796598,-0.18342375432317398
0.16610179698539046,0.2201501899013625,0.27933895603867404,0.06754422473775919
0.3455924084110881,0.19716550500398894,0.006295750591564564,0.019748244345404866
0.11369921487628931,0.5674730015979738,0.6354836262529431,0.2046331329623941
0.4782444664203067,0.7138951386513861,0.3004387370289346,0.15194633095947513
0.12864994073182354,0.4198312051107994,0.9037511220097572,-0.060599625786829744
0.4833557916524326,0.2195474181041335,0.295636631874873,-0.08513370889551138
0.13688986428357575,0.3895842881328955,0.29806342930808194,0.08496388307214298
0.03927615741008235,0.3660432353673886,-0.07399505156144767,0.14898238021609939
0.2865426950235807,0.2921374644660887,0.26353097206768183,0.1433447958226909
0.46500611789963703,0.7058576061555499,0.9436031274667406,0.04195637412234242
0.08283715847527412,0.13973607207980515,0.5011460017407727,-0.04170179461758565
0.1449869194941341,0.34003944383422857,-0.08191704203656211,0.11131356033708556
0.24840639155698596,0.2683776923301274,0.6490873975049458,-0.20413562952105757
-0.2535080403181435,0.10065900666648667,0.13135117176882954,-0.0034161789056832773
0.06224544640088435,0.3872205006230264,0.8474083443714703,0.09465648611000357
0.3827762054841867,0.49045720743378435,0.2969377995308253,0.09036994545217769
-0.18735792677854796,0.02316556575859602,0.17230201475182252,0.002827901217385631
0.12874776325114104,0.2727350829968057,0.24533396726942144,0.05423407349084865
-0.11639913887898735,-0.3106613667572051,-0.4797673533218412,0.07469555199664647
-0.3196732255354036,-0.4216037701870701,-0.47018760807415805,0.18085160827143415
0.08322676327166781,0.22349533152794107,-0.003810065955547559,0.13354119157502392
-0.48841960438986465,-0.2662136657835079,0.09444018190396772,-0.029386179867436066
0.029176392605084228,0.024783360849353814,-0.09010633328562198,0.13128746487442552
0.3541308353222547,0.5367583312091826,0.5834091834759237,0.09004551374324783
0.3242073775390273,0.3272169743852498,0.07182694374028886,0.023199708677244336
-0.0008782021701351089,0.059602660358842846,-0.3098759098690429,-0.11290733253869144
-0.24035104034605265,-0.2274838940779172,-0.2874376223600953,-0.009430797711129486
0.04270271225692375,0.08985063151079223,0.2724318746566063,-0.06879805920313903
0.3803108424140713,0.6313120262186256,0.6819427659579521,0.1485468031567706
0.20261293991978024,0.4509057195426578,0.2393047268765253,0.10900420771283807
0.056344571537274256,0.09656495224142121,0.0729936956864862,-0.052825246726728836
-0.2188028096664445,-0.24621292789264593,-0.18418141757120374,0.1081551188354356
0.4644384270365996,0.513653299664129,0.5309077283642288,-0.08785455375960437
0.29343296140738084,0.4269255749986024,0.525785512241382,-0.01577187013942527
-0.15535681775752969,0.09506083536179408,0.4658510672407641,-0.03255686581208855
0.3458276778595448,0.24942921343006436,0.08362359987869661,0.21683444446084676
0.07115028363564029,0.0611196465759363,0.1733935850294998,0.18803321595606137
0.13463779061102904,0.6719038314722781,0.4255984566280101,0.14676906466576478
-0.296209383532252,-0.3506857407007227,-0.1771247030722045,0.02966680074123866
0.09927994656243576,-0.15604061480769726,-0.4399927914661317,0.09806393903135241
0.39697717504770097,0.7410570508356191,0.7216569525624716,-0.09816793145383844
0.21464751550668962,0.3749294636254746,0.554872618217817,0.16849721651311328
0.01839928097919051,-0.06186889824153938,-0.05835802192057307,0.10661106266732354
0.15590623749353455,0.5009258542631395,0.22719358253983477,0.17110796540327156
0.43076069464180106,0.28008866859806825,0.10118364587677343,0.09247781513999144
0.14504251719190758,0.11242406705724364,0.33898146530346024,0.13387715458737465
-0.07345769801148279,0.034830597810717984,-0.06725011756336632,0.006056638180983939
0.38248065624447314,0.7740389303771169,0.7098285419103468,0.10685609582009392
0.37954929979324553,0.5598753271954131,0.8785503979743329,0.020941673655559732
0.04121998600061698,0.09930391785679214,-0.007504987526698953,0.2190341898072104
0.02298740734147739,0.17308957905445227,0.22484289772222896,0.024750718799624576
-0.21447859866353614,-0.08995428577102071,-0.012910732628790111,0.1639659572064139
0.2199238666604849,0.11069922465758292,-0.03171858903617561,0.025035395306623583
-0.05439599556437462,0.12538450579648383,0.17389284622880455,0.1084586218647832
0.0897428715721563,0.2979774574653444,0.1305588562285515,0.006116198415654771
0.21244818580531036,0.3069065196390448,0.027592949577274956,0.16141490740764972
0.0027531150572148305,0.01318455434085658,-0.5613506228400396,0.08025659686061103
0.22240022386103958,0.2143654761493817,0.6880861355790393,0.005266862153540337
-0.2242081533947073,-0.19446994407329599,-0.25388225943467113,0.34157521812591557
0.054607130973053274,0.04497005680697333,0.34455183402809836,0.03751744679354004
0.20102225979720761,0.39269488496446936,0.35752576716227047,0.07064898120930127
0.3647632001579345,0.17877582665031316,0.5032831231960486,0.09212499562232357
0.021860037390325507,-0.11562029954519965,0.1727946368928482,-0.06588347199526896
0.08910731182451363,-0.06350287287543621,-0.3084064898654175,-0.01624496506696564
0.034574216297350954,0.15689592108259506,0.3445544580261273,-0.0975224079971596
0.23610644862079505,0.1507286478069127,-0.014201806598325456,0.00774703233016983
-0.08185284715038328,-0.11084469119837131,-0.13284156569701386,0.06487730221083175
-0.106199818951013,-0.1933067783227444,-0.11008127324631664,-0.01624565948749128
-0.03459457329202954,0.2754819191996357,0.15495561466614957,0.17044733345220103
0.21799451230916428,0.6679445272767179,0.451522916393295,-0.0031773519516354043
0.24606037060382857,0.04144533868533706,0.408287188745983,-0.037320194362570905
-0.2739986824953625,-0.31508031269491554,-0.286977433766181,0.01600836285828979
-0.0783103332053506,0.14049767882140224,-0.014077156347218955,0.16360048786958403
0.006609737652134254,0.33082417365687417,0.2827788187496845,0.13970826375655387
-0.16393938053501367,0.15809289343048755,0.13793419149680908,0.28237469194643
0.12661160318863432,-0.10360611201323072,-0.4696718073644859,0.15773765808490725
0.3888532724048001,0.3854549087283682,0.5093238436226503,0.014848404789288942
0.21301606503489423,0.245587567762721,0.5824423000550462,0.01480366452818993
0.14129597649365389,0.1206461822498531,-0.08536209980706413,-0.045228601091859055
0.2868551160689133,0.47897615752693656,0.5402538131650431,-0.11912897138646854
0.23740811441467197,0.4207462762377767,0.19242047088751205,0.07976218088949488
0.22295493081412576,0.2832443979952292,0.24088411009561272,0.10016223076131894
-0.2601231205055424,-0.1462507370951911,-0.19928678495580956,0.0541336428365965
0.09522911914827312,0.3902292922258555,0.14302818346268487,0.05825824921881159
-0.0021044458203849092,0.6141665569012876,0.4683954938675352,-0.013806931357464886
0.24624660811131238,0.231397110980431,0.529592052972169,0.1820074636744008
-0.10606172078790534,0.15533059068407812,0.1336879378222518,0.12856040676798863
-0.1165458652607143,-0.03253486252119547,-0.09536774459821504,0.14842567135390405
0.2900611514099527,0.34995224604340686,0.14506092810989868,0.08136380179068917
0.2141511123168006,0.20551878064712154,0.40381475725302884,-0.10009312149622678
0.40481556688615367,0.6246338397019275,0.9255090439865326,-0.19037064140959936
0.1465982512179931,0.25813020370601614,0.6613802581681444,-0.11712417382057987
-0.14681293069714896,-0.10434878441476936,0.22802476008485065,-0.05710711937135217
0.062144119406782466,0.17921256958413817,0.27690014152774833,0.11232689882367158
0.0722575302808866,-0.03392072400838686,-0.6012853296977694,0.2984058087620259
0.5216599123625201,0.702188651906835,0.6675026889207031,-0.01929631933181955
-0.15113706921977177,-0.33343271424964455,-0.11573663211517285,0.05177026616191458
0.303269765529446,0.26977083692162357,0.1969641451653228,0.03133387347943402
0.3650105228381698,0.40963215250871154,0.3213451990009123,0.060982565424865756
0.3584568198831244,0.3627650751430138,0.21628777105747407,0.09796019200652517
-0.08337261024210633,-0.06221931453785076,-0.22179752613531104,0.07627560900813235
0.6006251075530762,0.7094106497009507,0.8404338903761114,-0.022259064334830422
0.3583670217326818,0.4962450504689609,0.7731474832912488,0.07749169020279953
-0.06225505008721109,0.2187981145630316,0.21162249619808945,-0.011959210014373917
0.00782765748961782,0.058693474095508194,0.2186683976346652,0.04539482444731285
-0.06846463678329483,0.10179995589602266,-0.3594114438762831,0.31056142252293345
0.0630988427527961,0.06636839390700641,0.2210167381265903,0.13930894491547774
0.23158337078350025,0.5056243739130517,0.3232043165744105,0.04484895356191432
0.1619143707964553,0.19978507969671863,0.3274647328040675,0.041651066755973264
0.2033244588903558,0.5728878076806172,0.7554029744036246,0.08377609994813792
0.3071431887178087,0.5205819789283905,0.23747703864734615,0.03838653816407227
0.32015958745186257,0.6010075809508404,0.8604276247979331,0.09244278982051647
0.18844604461752507,0.04186759097345477,0.07687965944089648,0.07824973543153824
0.17585810075902697,0.08634109631626373,-0.028998467257951327,0.04441636038383675
-0.1137409030085738,-0.116243987831181,0.028343619528042818,0.09850823027450789
0.12007631268411681,0.02636615862814337,0.10091553331392152,0.027106525001148168
0.13038987615340503,0.08578299830448863,0.13216491708740685,0.14437332008016873
0.04756646182170954,0.05641705719414976,0.43181035438611365,0.14297551651052065
-0.0064289876665823975,-0.005545076856218634,0.05350666035198262,-0.04722456556786983
0.04446033069250678,-0.08348711517775242,0.09664704065263567,0.08325515188361751
-0.1955840892599145,-0.2634909391830116,-0.41222353430299974,0.20136443977749852
0.40057566131923594,0.8158230396528083,0.9246203319648573,-0.1193836593745803
0.07081911363512915,0.3617654158803363,0.1049316218225987,-0.009010505090599356
-0.1720263755862499,-0.4603823042435669,-0.23927498559065016,0.10770061828235164
0.13341422114144819,0.15338711548299241,0.26475079916458444,-0.02042640468052316
0.27041244432272876,0.2750133932298377,0.3536783207953006,0.043994677690085915
0.27688152425457035,0.11193367346314598,0.1627529832556307,0.05289996098169858
0.06504785539211957,0.08744717527734643,0.10273720610578196,-0.000846413721855642
0.2541008042756153,0.05142480887373088,0.37597885731263425,-0.060667864940909325
0.023795565860064788,0.023531811064360475,0.20456042428380652,0.07638000085633238
0.1614533282829797,-0.03299284279598286,0.018033217415269837,-0.046414684018640046
0.0966711165808467,0.020789653856521983,0.2706676285858739,0.18654898543592402
0.2413469074979806,0.3281934362637657,0.6907919916880302,-0.03886496524904
0.3841845494129173,0.772619160399785,0.9565813783576825,-0.0014201134824904718
-0.1976378411626844,-0.036826467366613574,-0.24133261619794197,0.15224646189469038
-0.32904658578071067,-0.5308413728965669,-0.4950769868369428,0.11939604491754903
0.412873291674697,0.30675044914521216,0.16739342011066694,0.06676819511364618
-0.22564682841668077,-0.11192836490516483,-0.02763330866172517,-0.0773499836462604
0.2826403567306974,0.12353796575366871,0.38895429720689734,0.02507844443695451
-0.22767530649266793,-0.5115527511946594,-0.5220274318821582,0.10173249999011087
0.2631756501409527,0.3323388912337162,0.3577092486932407,-0.16160883182729996
0.334479679768344,0.5131187011779892,0.6898382526945047,0.03770795718553291
0.4004651147516266,0.5462281042341639,0.5769970184620573,0.14246822281484312
0.24393072494359486,0.03740276473695203,0.3195169933909289,-0.10405996490646015
0.25829095182552486,0.33035647263687995,0.6174500578830985,-0.03129414451788462
0.43583417385004447,0.695925665304606,0.7115521405658752,0.08746774086480387
-0.0939246663064243,0.29555184851514643,0.54583052302772,0.023050315799332765
0.06141018790871372,0.4196165059712543,0.7762296901549857,0.07298691529423776
-0.0579312794429155,-0.1994809056551472,0.07234127430694104,0.14573982523861018
0.17033882925520802,0.03624350356159828,-0.06321179257977697,0.1029443969170792
0.5692328657296818,0.561146923062873,0.6244003726025017,-0.10180312915393187
0.027723875282424162,-0.017647507884596514,0.11366597895766657,0.02297165845061734
0.21149420840018557,0.25111420507938187,-0.021532834077275465,0.07063048174112954
0.029205361904520527,-0.1742207102070109,-0.39061231277314057,0.0760165182669055
-0.34904010552671005,-0.6222770874605952,-1.0885135285125105,0.1289340804291732
0.12888800706903536,-0.029899413301473637,0.4720908864624116,-0.09488617506380785
-0.19952213480691855,0.07311444524759024,0.3355239125810877,0.05471718611586621
0.4317369399901532,0.6841213910500019,0.8926456693507498,0.03525098586290997
0.08373495623110458,-0.15484670758456098,-0.30008115004583513,0.10948540783967076
-0.04912443318513855,-0.14852016432122955,-0.19851815060414021,-0.07088280934757127
-0.08321533604337465,-0.11185072164655119,-0.09577346084377938,0.10075347492255377
0.15273485916457719,-0.1195954291060301,-0.19469202598996657,0.15425773304723767
0.114131621458559,0.3539022050938109,-0.1866816960603613,0.30286729288488345
-0.082394943518646,0.12702277262798572,0.12373126538379768,0.14029468432045564
-0.07043401960118482,0.25684787742581394,0.47118409950868057,0.1310192663364275
0.24706366254651174,0.24416288438273998,0.3707885487739577,0.1048025602101728
0.29053205287873984,0.5814938690617875,0.9578979284589927,-0.0005067340485574515
0.3136929672654784,0.44613889255166617,0.46618948884986994,-0.008375138631339478
0.2550455181977031,0.2586538822357391,0.013470746234382464,0.08257027546604095
-0.3426173047370795,-0.8042946935680739,-0.6227792356529499,-0.03361230150378269
0.3321182913765171,0.6962840791078282,0.8946988378838053,0.15415941668314143
0.2265701616228647,0.6969054140252768,0.29566489102505356,0.10016116633158631
0.21154305098292892,0.4951911815326281,0.31070593558244297,0.03876822692342309
-0.010575620690413956,0.14472011033988702,0.34228831573704355,0.1156629004774291
0.06455788439945127,-0.13298424895856548,-0.05549633624320091,-0.0545781998710443
0.022503078595116743,-0.3044988062778726,-0.19550299350919678,0.04389908675434288
-0.1737089752731522,-0.4260803395904114,-0.17527691796968467,0.07223843339914703
0.20668599950816585,0.15983419648555555,-0.2865903174088086,0.15129456360405055
0.01877606649570994,-0.3317790206056372,-0.18506900386216882,0.055484053172868815
0.4022681875988537,0.497603306496974,0.5011581361880921,0.056143354503053335
-0.19437149366489986,-0.1217472856415524,-0.41493457989042637,0.15266451305718914
0.2869755343806546,0.40994271792173587,0.695721056379334,-0.15424651764176223
0.16548816419369547,0.22067030435518997,0.40957145982821863,-0.02277718081897219
-0.053526902388625744,-0.038151175541303706,0.12244288721200808,0.08292551856647273
0.28334083453761216,0.8064227807435844,0.6996051814896083,0.19334687133356537
0.09816217380040286,0.45482532561149436,0.49672730216397254,0.09010195187654518
0.21038326344786168,0.5056770674602868,0.8177052325697058,0.08275797082488298
0.024396820724567517,0.2484730537853082,0.35607578097750936,0.05744792295894091
-0.0867063875513324,0.46837277778068825,0.5350904144090785,0.10197373860689501
0.33697084433086716,0.29935615250354775,0.06326805516602696,0.18339480062978675
-0.17464921774488684,-0.4580322958653707,-0.5487238165300209,0.09332507679965621
-0.09251904518802982,0.21959682904561373,0.124242470595717,0.03104239483075131
0.40732696571293003,0.22198076868480826,0.3251426487214202,0.13633775226263406
0.17679411402336948,-0.07466422304589432,0.271225401813403,-0.08673283783541062
0.07358314582327083,0.44665779751728635,0.45074101511486087,0.04148678819260325
0.07552981065629101,-0.08986074628464635,0.321301479074971,0.01725206416207991
0.15064744711122227,0.20489377992536625,0.11068926435811387,-0.033823647598493975
0.3565099444261726,0.2753025398249125,0.3817668129056088,0.009670356199306576
0.02652648981807887,0.07587736733439412,0.06162565309720411,0.021427556410404912
0.4177786383104073,0.2581967349163276,0.482905292134593,0.019628175679685413
0.02300368449203008,-0.2501861496411415,-0.032053711932945456,-0.04157789077564532
0.21746138393104775,0.168162426553747,0.38201256989177557,-0.03606384675209716
0.24293290499535636,0.2291287498555823,0.5284348306122463,0.2562021227125218
0.30251621471483287,0.23226299138535705,0.3290598665153226,0.06278625697079229
0.13718653694753738,0.4238171407398924,0.5634956761089231,-0.13471249021807852
0.3615978008962825,0.6038361060823841,0.3436737366480043,0.15108110894925764
0.35099645107169664,0.8739183776840864,0.9072942164480994,-0.08934753399508376
-0.03288516424055586,0.23152636758042272,0.6128831348804706,0.02745263882445856
0.19610910805184478,0.3275203886613987,-0.049440276993542726,0.06966183483197828
0.04183652618820416,-0.061949120734612256,-0.08821326756625472,-0.12257248891744572
0.2226460131796902,0.22026819322957422,0.2312484861560944,0.0918240692974344
0.27031199436169734,0.4975267680468883,0.6519722173578427,-0.04650606137847223
0.43301353770494827,0.48575071013472443,0.4171522256716693,0.11183287112197798
0.2986370186730848,0.24211153905052396,0.1159668949732933,0.21886936957430525
0.22975918195309036,0.5977678132677416,0.6156646087192186,0.13680047426524491
0.4467044856386815,0.4940080659633346,0.21152399284108284,0.16204700631045932
0.4309972672158679,0.2731711613893838,0.35571374454360327,-0.018258499150339988
0.29124277224004663,0.6851452300227279,0.7425527156084392,-0.048972093697996905
0.011608562615567558,0.12169353156169418,0.11652279570604458,0.005973465753783068
0.17092994800784683,0.27680104066846734,0.22866822171773848,-0.06131452204898698
0.03135066966212981,0.369056351052516,0.23411048177498825,-0.061432681735767325
0.6013418987917102,0.7133770956914312,1.0944507404775523,0.1379425817948562
0.017618846602250576,0.6421807648854664,0.7324486989219833,0.15019051065700062
0.13321632665727157,0.5171950110622444,0.2851886218988846,0.13410609006972465
0.15520920356750167,0.3273854774098718,-0.03423148126877221,0.1054309541975563
0.09190655258026302,-0.08201697115096024,-0.14409651555150585,-0.04689363415041886
0.3983038836041829,0.33153545490191116,-0.1254206215574271,0.09600104920797695
0.1631480201530761,0.43679155936494984,0.6598428861921415,0.1315267973097956
0.1636946263948159,0.3270839627893428,0.10875239111938023,0.10665943284956234
-0.07712514787201637,-0.04981776117528783,-0.09053804280830433,0.16582095371609118
-0.18433102754893377,-0.42129850034121313,-0.47467683997802934,0.13815417099564353
-0.009065801368287593,0.48426266103104987,0.4455889029760961,0.0865135045979358
0.5841899003884755,0.08321496047038397,0.19394011724864965,0.036561683798331954
0.16381326868125776,0.02935330138120687,0.03283191267895785,-0.09298989788179692
-0.1156175898618003,0.01340236568358974,-0.14812402478019834,0.15941305957999544
0.029618524156837744,-0.0970184688965176,-0.17718039322405552,-0.08577648387200094
-0.009620255298998834,0.04017933058182735,0.03738690744082221,0.07068367503552307
-0.05429004649062179,0.07731988202949051,0.3352940384035089,-0.007121377701413266
0.05235023466404242,-0.1038066623567852,-0.13249477015067687,0.008580513915585467
-0.16500455186055557,-0.2076379011744603,-0.39534429657179704,0.08911172991274538
0.5237366298886909,0.6315485239408142,0.5229922204430331,-0.061413522986001085
-0.1361427711306007,-0.20900374015380963,0.43999939517517006,-0.1631236767785718
0.0751061558749207,0.06904132937358286,0.048967392213920824,0.09158667677869525
-0.11723519050231042,-0.210594960825237,-0.3250858998590477,0.19491924226987573
0.1857059587500649,0.49727800938182026,0.23254605596077696,0.017850610858062686
0.04687436271699888,0.06887723922272661,0.29123318740574683,-0.06737140244885849
-0.0006571391668112603,0.32933857167732494,0.15141488290953198,0.21405192621286678
-0.17772766750257446,0.3155970246253593,0.4861020786301622,0.14117105733372215
-0.03177628217021382,0.3017812015702394,0.112044184653382,0.15534024687439535
-0.006596796555240328,0.2415971414256143,0.0978559018845674,-0.12873269552422628
0.0945528545594342,0.5572320981012008,0.3783024774360737,-0.0014817975727579313
0.3149511444572888,0.6937504245503141,0.9036442747041044,0.08693104751554337
-0.14734790092040456,-0.07286845943609022,-0.1112601263013395,0.17774795644020203
0.09063249022445173,0.04946182207171784,0.11964954330219583,0.028975743548640766
-0.038575236191745924,-0.0660096965377599,0.18040488106407143,-0.14018519044041416
-0.4848793099795836,-0.38459435056324104,-0.694933648196592,0.28599494499054373
-0.2789189354429896,-0.19556989882302328,0.39098951148010547,0.0005358027050449549
-0.042492547197647876,-0.008288911922961384,-0.19355167083678806,0.2069669002948073
0.02300204488618615,0.4649062206414201,0.8230339688964431,0.09086356558980879
0.22486762453559261,-0.02171083518170655,0.37882324828161723,-0.05608508777314461
0.012148343379255314,0.126970852645967,0.41114397869686414,-0.16407089413381482
0.1333830359731408,0.1893949382829532,0.21289237994689267,-0.001851260485534495
-0.06285093172895172,-0.3561802336417296,-0.05289958174415507,0.020272613223080552
0.09941056308653601,-0.15401036516998118,-0.3612310590545694,0.08808074137421926
-0.03568559141740128,0.14818037221787375,0.17862262597079315,0.22607800218790958
0.07567521697177867,0.21337903537643382,0.4321206152118325,0.05735962595273388
0.44893175276950864,0.7288897031883492,0.7830284147838477,0.002575902672740861
-0.05556461068914596,-0.2789884336678969,-0.22162533023419903,0.02802935266379666
0.03513865146350323,0.38786416288321757,0.3442110123302097,0.039695534754307274
-0.09113911878944585,-0.26308415611738795,-0.08213161500650765,0.010246705478800446
-0.3863818605338985,-0.3380368746313979,-0.08388055915382633,0.12203305635483623
0.025722956357876803,0.3246571241619012,0.3021563995523149,0.11456206928625864
0.29775875720443085,0.7421457827173461,0.6952183968250796,0.1323626992931971
0.13870202139552812,0.02066507623118244,0.13136160071517025,0.1513903703824485
0.3849938210362031,0.6556064913160778,0.8187090274516948,-0.09474587511042977
0.44785716450876967,0.3814962210174992,0.7097433926328464,0.051196435566238124
0.2885661121810921,0.28297977734527346,0.15367707010557335,0.038278297861029126
-0.047236988474050765,-0.2997443795785836,-0.19298719119058053,0.1628419903125598
-0.29045941263896546,-0.4210788104962711,-0.17766770182815103,-0.032798962129992934
0.03654768376212754,-0.08873216057240257,0.14826266041181113,0.07417454736670596
-0.0281845039144651,0.3454461149045868,0.17760696342398438,0.04623291934405045
0.45149264437658415,0.3029077363279933,0.2367199951329645,0.033041468969911364
0.12655974322796057,0.11272929580805058,0.4916447529299117,-0.12265986942458461
-0.12309174797679472,-0.05180007917489249,-0.10100231469038964,0.1965810328170104
0.13059543470624177,0.07681193503318337,-0.04894963748707823,0.012359369867105181
0.18346277390356222,-0.037268436852319925,-0.18851692514997334,0.05813539075012204
-0.41326698791793426,0.11592108355020637,-0.13175308559644736,0.15094646029681613
-0.254522783158952,0.17452555141079426,0.08592157442905698,0.06805493367280799
-0.034127164770746274,0.04817887764052739,0.1767256158098761,0.025573236685672414
0.2953048289884002,0.6458881363450858,0.7923920676194003,0.10289396245774954
-0.23971440628171914,-0.23857764689906918,-0.11477540031540526,0.019936232682258616
-0.08605643015557161,-0.042028975598099844,0.18871319007411455,-0.005583677762977274
0.3421700625957774,0.1476150801547911,0.3684594525832424,-0.1694836923965879
0.2540396413576558,-0.0779326029732838,-0.21635535434226674,0.09047554976925212
-0.12167218964248987,0.07204679338011026,0.047499861851013514,0.20237239850196492
0.47980181855881493,0.7384387266564933,0.5957949036174709,0.1422515256513382
0.18335804052569968,0.2880014365185787,0.3087314844356144,-0.03437713414723394
0.326031827212664,0.2274096120202821,0.46397617101122857,0.003461747071719562
0.2640099910819575,0.7237528506133377,0.4982918872840367,0.10437863750621476
0.11874958578296572,0.14088190718097576,0.406388434456716,0.01071733373330929
-0.16100289249814337,-0.3197488108424587,-0.1927336161044739,0.07632477319205977
0.3489805402090791,0.5747943400571244,0.447788248228498,0.0042692810271448695
0.6302455139846559,0.8049292141936539,0.8850941902680273,0.027771637503936138
-0.18863379173424227,-0.4495904605435456,-0.468202661025682,0.17742476091468018
0.4310351283196169,0.4915197740479779,0.7708495242750071,0.022752035251632725
0.46518366239535736,0.6431345722624453,0.6381369243819272,-0.027156608892222503
0.23884853024803016,0.2300700677091175,0.29961268625497284,0.10768772284645015
0.015940476397974482,0.22490500729508783,0.4137601319485292,-0.026029897427313792
0.11463257659679778,0.3766133165421364,0.6765499006030876,-0.11497728870961275
0.0797064287318658,0.012579229069753589,-0.5457381253159489,0.3419939479563757
0.4394339274320823,0.5230319883213232,0.3275844405301179,0.09144894961326666
0.1833380128027222,0.4217264139547522,0.4845203488380031,-0.13474947280686256
0.14637382674860167,0.22103404957088796,0.15842865039742682,0.006765208557263196
0.23573530481205923,0.43286255742164,-0.007561244525557981,0.18770558571835028
0.2669967990938852,0.3633566520374052,0.4114083393104089,0.04064285869112459
0.12999165414814606,0.21344216800282234,0.3918424581360135,-0.05582372949343961
0.07656964667575825,-0.28648113964659494,0.2200739598480773,0.009237784104769026
0.29859413076634256,-0.0024297188046063234,0.05950003751561814,-0.027725887039830602
-0.04593229074769932,0.09404827992872065,0.48579982168938174,-0.03802074563663471
0.10813467885430778,0.018204502550592833,0.10803888497812948,0.08395577401067131
0.0036119283766914284,0.37510286022917605,0.02338958848430364,0.11728963769503341
0.2900716573573381,0.5082414084526486,0.6766530688743904,0.006418289769844765
0.2716973831945343,0.3749331758593076,0.277965374168472,0.28575101405647824
-0.22010188851386275,-0.32273678253187316,-0.15148516469518633,0.1805130413071826
-0.17127766526002425,0.03253254307605333,0.1854841738969852,-0.04342778477356246
0.39261987335819126,0.4645476387301696,0.5182770066710227,0.013386395883130252
-0.12075887211959559,0.0006059747963426398,-0.0613359868092114,0.054318997704566656
0.34263625663216385,0.6575180791013941,0.9119793231518335,0.040393385016754796
-0.31182553480233444,-0.12834630417112874,-0.5083942031454404,0.12676325602796562
0.3001507734063982,0.24851080566480144,0.6673803454284407,-0.0012722237219023602
-0.20207827775098036,-0.3280670044028979,-0.7903190384865084,0.1670817912210939
-0.12236002382467613,-0.33041906580465624,-0.07557458348685744,0.06697731402514046
-0.10094738039210717,0.1433511751314492,0.19681840288979663,0.13305369961744107
0.03249526344260775,0.19031142379680657,0.2657279764572426,-0.09932319056677476
0.16301135745390857,0.4502974521427645,0.5699476018690497,-0.012959855122628539
0.39646485600636866,0.6417455313023642,0.8206669784800434,-0.016310027884934047
0.2889628138815253,0.41620665960964864,-0.08022177744591805,0.0012816559697661212
0.22536728475228848,0.18482227233184723,0.39140619297979945,0.017752476267126636
0.12274716333986355,0.13166170295339152,0.45632788161283533,-0.12144507520172225
0.017248044981059377,-0.2285121048347391,-0.31141618601789234,0.23747493606349662
-0.06961189525931948,0.24913944529155568,-0.06673856344272347,0.18013630143921233
0.34098369663873496,0.07396773537955344,0.35687680245873243,0.07557337810687809
0.4061967847322229,0.2750035430489379,0.31726095719075753,-0.18948809708471737
-0.2883123887528822,-0.5332220725254837,-0.6636130701132095,0.0637638106389194
0.02508399338192105,0.3443300724104619,0.3499525918647298,0.013042732795726937
0.052188743546275,0.5003999953238336,0.600276061716206,0.21325737552578528
0.35957658479269367,0.46862217437672105,0.569032504436613,0.11160067710536012
-0.07299658283350917,0.2947179836823936,0.6620206367878562,-0.018505489539015138
0.10599465161658085,0.2679463677240572,0.2553135827403994,-0.05191769026149946
0.4196597649070201,0.8299164791808404,0.5578307927166795,0.08095571684775885
-0.15620031849328203,-0.1953432484313145,0.014524746957751217,0.10268454681574157
-0.12612373888887612,0.3693471441145735,0.3407250326832098,0.04955616799680057
0.33241002001332,0.5532729686607223,0.5953306344424462,-0.023882001119558766
0.11796138644903117,0.05303277473526344,-0.1759658013722101,0.23568885555464286
-0.022180553570653475,-0.09578069554621788,-0.05079405320712052,-0.11167702428522967
0.04280732783238399,-0.10177913989320536,0.06459726673845034,0.1384455474409695
0.0011229362745828059,0.2557958327076202,0.6068392456696348,0.08290652892349817
0.10761620016891692,-0.09389931357253328,-0.17047446930985813,0.05427354884637403
-0.339015104793506,-0.25315214244292283,-0.11631336456428912,0.02656029682292285
0.24878541005103283,0.5700395727690638,0.721755486564317,-0.014259453954842363
0.1740373599933653,0.3615670939102599,0.48103024696479935,0.008112493898512624
-0.03886527177133543,0.19136767523066212,0.060328185786034216,0.06592425315828261
0.21113838139897023,0.1880632299883462,0.4007531937207215,0.0355794684617469
0.023833324269983372,-0.15360541542855954,-0.07516020847775226,-0.00970280712774426
0.1112642762502,0.0032900438967329027,-0.11985294819432393,0.1661365933032766
-0.04310163617792566,-0.2506463599476109,-0.11604843097372133,0.2077661376978845
0.29407551778067925,0.35324043704765073,0.31394616155504657,0.17910765959904623
0.0070894606623218,-0.008437358709704218,0.4441531124748739,0.05892568716459984
0.13705594591523432,0.07533797447494583,0.5364363620930175,-0.09479884347813773
0.19158585157296168,-0.004569880876770377,0.37177407197641243,-0.1737359367494719
0.4182187528564875,0.17947053177154165,0.44761985392986064,0.10613477310650024
0.28490820087873875,0.3268203590648583,0.3317036446905447,-0.05196096229635684
-0.059107077131867955,0.06524767556304596,-0.0554864509268074,0.1447227256667744
0.08214295676294173,0.17803401419237244,-0.05768124740631306,0.1302784216683145
-0.05930895140689445,-0.047121521214934736,0.03104489056987894,-0.02860704635873386
0.21284816729880318,0.051321984257482856,0.05017142830732388,0.021769403931539335
0.2298565317013616,0.36801684566480597,0.5191865200726002,-0.07990064252236533
0.22273357122753246,0.48362001204852484,0.8013114508465013,0.009137370269713146
-0.06043436347275673,-0.3064421807740099,-0.011277369893420042,-0.04091151642957336
0.3320248780127752,0.11136611477327235,0.09075944317733883,0.016945706580773517
0.2567782776338253,0.45188862237759114,0.38130397802688687,0.03352225248563723
0.024267396771741057,0.10358372881558564,0.34716507377554845,-0.14669761690422062
-0.30413413237050196,-0.20774900608522417,-0.31866278283573857,0.3296673868082265
0.25219209712425883,0.11588646642975588,0.34070065966055146,-0.14192744647937494
0.08421938610970395,0.01671386108896955,0.038997353277576835,0.10762265601962787
0.125856583691677,0.07443622435120756,0.06785105844420514,-0.11056643648558658
0.29705139803302827,0.20736467063426886,-0.0006059464742075582,0.10283292728673107
0.27815238675668075,0.5573923068144055,0.5702021717179153,-0.02555645243996528
0.32217329336736295,0.6031324940322061,0.514358335500524,0.008155758765935606
-0.03309223499567497,-0.08109564655091694,0.11187336969211842,0.11936395855716972
0.18151900329428655,0.4145805653103655,0.7085566829604001,0.03818871880370123
0.16510485125474475,-0.2368642960879983,-0.5288128458847668,0.25285075645464083
0.2991331316937796,0.20121631502919413,0.5327481925849907,0.03746501882076008
0.08393376454337055,0.11964602741373732,0.41675091946313514,-0.14677722074606314
0.23197456164634006,0.1547628891859059,0.16651321525823012,0.03455232366588477
0.17074323229462487,0.25203456983019945,0.4985871619496335,0.0464823109370257
-0.1645633655065934,-0.08165186970255078,-0.15751773632780938,0.19436789368700202
0.3038425299363396,0.4817039170153806,0.22731228686762722,0.0643731031454323
0.19676113011661892,0.37735496399597024,0.2435366422260318,0.15519212978540647
0.1622748403245096,0.23203950654942865,-0.15814310327536543,-0.02534038831556165
0.2572787151075322,0.4255588198146406,0.44328243383241145,0.018954319242681004
0.33278176046290303,0.3870338241892961,0.5720478027157292,0.06859657666873183
0.2906968040549601,0.7358037216998128,0.4605519183917821,-0.1204333996620862
0.2186235569433489,0.2969432733495354,0.5452537814204294,0.11218131680702335
0.2888783155044515,0.20117928249769593,0.39727838208248134,-0.00869913976384789
-0.273824133392295,0.044838066309312336,-0.01860625908590055,0.14518903950763612
-0.09659062827657476,-0.02046299063316731,0.018803116632808953,0.16022847944852192
0.2382877596721339,0.45585030356586625,0.772673144722605,0.020789991889373357
-0.18804994780013196,-0.265714179013139,-0.31786339177735257,0.07439078178445155
-0.15086139949228228,-0.5905957738923997,-1.0106071623131625,0.2578157386221644
0.36075731580491766,0.283332975951496,-0.0017136934164403428,0.1604957852256233
0.13286708124891927,0.005604829434299102,0.07218627100587069,-0.1291729351917867
-0.004309392242457133,0.05742239500123672,-0.07775429005203402,0.12866009486269814
-0.27766169795775475,-0.4175768159600958,-0.31622396699528676,0.2614565760621583
0.5381142637172117,0.5187238094445383,1.0294073527370213,0.06122453585538546
0.2646956062372827,0.036660685792402614,-0.04733696665535361,0.12729455946766055
0.2312752989755343,0.28942843723838524,0.13445442772279204,0.135102941737628
0.043785613777286,0.2385147837824583,0.4924483730934667,0.04419994087352658
0.19881184482770342,0.08150263363083747,-0.13422202354260612,-0.17119526819379172
-0.19103249795245808,-0.0254367390439727,-0.005891626823736562,0.0982786512397879
0.049040428068105116,0.08579908097105637,0.01668927505390891,0.07299892434102187
0.38154130053844265,0.008472638926355303,0.31144338153795575,-0.000986191726470402
-0.10063309598212929,0.18308256689866667,0.1704491260965807,-0.0022044240584533983
0.05196806518296,0.24894107425690667,0.19470257250179562,0.14129341709305682
0.05259441928560621,0.4496077806051762,0.26116848543528126,0.17230401281707197
0.45251342470396244,0.6016045597972304,0.7946802001147494,-0.052400212759188394
0.4221202545608742,0.4829741341813657,0.6795168221160683,0.049924712112527934
0.202710873208319,0.4706602701025182,0.32056868424990537,0.031387671286315325
0.1491301310802021,0.41687173395747623,0.12248190604270486,0.01787962811157552
0.19639552386999073,0.4041275757752212,0.15904908293330217,-0.039814732717534454
-0.058281977065570686,-0.06088824077868357,-0.12182348446051552,0.13873315047359314
0.06301298258784777,-0.04218996370932604,-0.07161242524338532,-0.05135917068749167
0.39020565957064346,0.38317835870862893,0.056515109828236126,0.03816381519442424
-0.08008385997306446,-0.3147727036272229,-0.5628527623188062,-0.05580581108433437
0.3021736143007586,0.5529428120025632,0.7814927463886842,0.09363092308164266
-0.08364122648349341,-0.3113084827460416,-0.036221913884704166,0.038265301660938326
0.15478564737315326,0.27430155726312766,0.23586661094778208,0.09816877921721599
0.2181433778656286,0.5563487731860068,0.5660103943163981,0.07805129505443713
0.4947690333488163,0.7048423932573642,0.8992451081550951,0.015117750079160955
0.07954862711352523,0.17356768119227267,-0.15874978001543869,0.03260962106853354
-0.06005498784397299,0.121291123140358,0.053783247185266336,0.1306530089203524
0.024728745397091675,0.08008662208539935,-0.020345778328640957,0.18957417988524916
0.14963231281892697,0.6804979257457922,0.6362211128727745,0.05763205649228188
-0.27139602904792637,0.14495750743030636,0.06658540057390208,0.06366251698963074
-0.0308022163917578,-0.10201006536601348,0.18550151444656754,0.0804279372988968
0.23022651268663058,0.12657627141989844,0.27356807752155027,0.053771582028710865
-0.011808040159784192,0.1973911394952758,0.45612629187646236,-0.07616898681392965
-0.17850509172673623,0.21961982398816102,0.03522945673497385,0.1467671379999113
0.26236651582967807,0.22203425933051274,0.26613764538691326,-0.03408131457085248
0.223806255191556,0.35346217554695947,0.3120484549033165,0.19495662093020233
0.10686309966140001,0.09974312468080765,-0.29286750497146263,0.14158778318912651
0.24473232751419338,0.5744604136426357,0.5539453915007453,-0.09712698401958737
0.2041379020673137,0.2594150310203586,0.07526537406971362,0.150616303097565
0.04404840219091094,0.269842705559765,0.27263675668347986,0.06342376614220664
0.16195877971532685,0.26431530928656527,0.09439375925673221,0.015214779338882094
0.56797702407161,0.5812077492322534,0.47604355149874233,-0.009911122113264614
0.17631971513902195,0.10995124006816605,0.4269816623465409,-0.062038838859160284
0.1444789778350235,0.2687245867834982,0.5331988769411153,0.03374316326892394
-0.08926079580650999,-0.3000889924977927,-0.5276608276405486,0.13387140930022354
-0.0957391239767635,0.006499799503362297,0.11561320302589499,0.10897806944759802
-0.26538198431387244,-0.4065505758512317,-0.5251173770443883,0.23684741406351245
0.15322427831043484,0.0423068491868773,0.14719064805709997,0.0007117257764134091
0.004395118509055176,0.03806570152171246,-0.058625548263931376,0.16831551386949878
0.1719402156842666,0.2748375562411252,0.32505654150451707,0.050012156879927126
-0.20936943811049225,-0.20427854197575612,-0.02764051352009983,0.17854708005127196
0.20576942850694083,0.17702597151155672,0.3649782570948007,-0.02117881541813932
-0.14196830561772195,0.04357161512298599,0.13160200507929581,-0.013644166454584522
-0.11486352777771346,0.29269339556192087,0.3806767018645585,0.00011018629206806241
-0.23654583645079968,-0.4128178282940071,-0.18128173040964493,0.2677032467083522
-0.260457479377984,-0.3530403485812456,-0.6195356728747033,0.11698079477734599
0.052489274920605504,0.3436717763503766,0.31629938743634634,0.1042756709034828
0.49028810848347976,0.790509094120269,1.1613301139631294,-0.014214615922302151
0.17079187496987036,0.2953078497145232,0.28799422033704364,0.1195261748842848
-0.021923522026718115,-0.1461100138683979,-0.1246837312551228,0.11390020433496398
-0.17770910265548356,0.25631306090325096,0.45508538595429954,0.02668763348589353
0.3116771906801396,-0.09874431874650003,-0.17152716388463188,-0.02669024968153709
0.35110628304051805,0.33851055872485436,0.44567265198787676,0.06653528752668184
0.29329328899589235,0.1537246825326823,-0.02370621469242304,0.023179337646156508
0.06792004260321698,0.08397902411891434,0.027280738716999292,0.2662329136495859
0.22047387920219158,0.5097914499870695,0.41994399520301295,-0.058583472117178556
-0.08430016397123037,0.06919888141814222,0.04697168411454644,0.1606659879192625
0.3542484694288081,0.16068688720053584,0.514767779495462,0.10258503360567389
-0.017181904444968824,0.14830168826459245,0.4886177167203928,-0.13363828656617588
-0.13547743925366335,-0.33874438995689243,-0.16214907202503456,0.171585170073982
-0.030193672206097352,0.18626300940969023,0.3691584997322441,0.08992236793597308
0.33578005191035193,0.8696872168334042,0.6996283802911774,0.1803097849784246
0.27892784979997143,0.1259101475389371,-0.1288279202843152,0.16351528811728477
0.2488693703990697,0.013166748751396035,0.28730518145077094,0.029126746091220894
0.08072292673175235,0.16410411851441742,0.49419543954746625,-0.029072602072989895
-0.020442577977572082,0.34333053828693705,0.7888821870440385,-0.015621552734984515
-0.1290451906789119,-0.3115833342656852,-0.21181979703171303,0.07490579072816099
-0.11076787004376858,0.0867363819136776,0.16946285132831565,-0.0454416982887956
0.28793153711448966,0.5349146967227013,0.7040834865389929,-0.15306346487511407
0.237355400822283,0.21106340124849624,0.6875961919353019,-0.11276242300993296
0.17271104320624514,0.6572348993847856,0.7340455620744311,-0.01653707783590734
0.3433315961937897,0.5687158862658639,0.43320390394691893,0.05534529581616897
-0.03024554115319271,-0.031737306237363455,-0.2153696111025287,-0.05664184620118444
-0.07571594277357495,-0.2685756896271498,-0.22073669917796748,0.13374600806904716
0.09113353762496511,-0.29532940012791814,-0.5356587082174216,0.04399266757660501
0.09182142278765607,0.26987520501074014,0.18944338487726525,-0.13096898789286604
0.22421803107084698,0.3523174716839902,0.3295045246459498,0.18993463984571013
-0.08332374386096277,0.24634756972626598,0.5646775517581191,0.07141313167702576
0.05201030382497355,-0.09975161990309733,-0.24427987054630682,0.11714775275138772
0.18425253529516594,0.3982838524044539,0.48136764200209636,0.1126635481592852
0.028383361445078276,0.19047051505417573,-0.14388515553452616,0.05945932568932113
0.24666723790385875,0.20957068881630075,0.21677439313245844,0.1010412034926167
-0.008210041746619656,0.3961249547113738,0.23244550297504918,0.10358877003936917
-0.07062023327600407,0.2493639475125321,0.3459651861783407,-0.08017880891437344
-0.17945976123307056,0.13587786501689902,0.34801979177668774,0.12454454559844412
0.27198252272692697,-0.1909792625852897,0.030204938879492604,-0.00513896599420547
-0.2339339460541917,0.00810638755099527,0.39368307125329194,0.10279164605563071
0.3358087120772051,0.6147264278014087,0.6621601506790579,0.07819730687451851
-0.03171768026486067,0.02897004360730815,0.3046850782835075,-0.12477951141066708
0.16387284059971594,0.34598456977412845,0.4874927374053508,-0.05536617518143443
-0.05829838288327953,-0.10892418520513103,-0.09948150102663358,-0.009166350531378521
0.42313894326333895,0.24001107116503576,0.3510259535764539,-0.023497556906988362
0.01403497034242776,-0.1086499435563576,0.13079076740150897,-0.044002992095994856
-0.14834687435668698,0.1880263981069433,-0.1434067163117486,0.09504162118727319
-0.20517854048693684,-0.13701501091068896,0.02034715311294308,-0.08876342072057876
0.42282386243411496,0.6164881748554725,0.5574980712362942,-0.07556425761107506
0.09066246889812554,0.2784136239571289,0.6198574940256096,-0.02696804973595003
-0.38713374544259854,-0.32354837559979316,-0.23907307073978315,0.11923311566272594
-0.0005511114496611902,0.018447565750080136,-0.1202046348370844,0.08997192584747712
0.007781393612964788,0.07671546857536722,-0.26782816766413,0.14056317724941586
0.15860725066003806,0.3620032989160953,0.49422525260907946,0.07897900231710894
-0.19593045003909154,0.02917203370105631,-0.1651340462019211,0.11495104104399959
0.014047485578914873,0.23413764925451663,0.49031492083553085,0.13512830688832367
-0.04495967431958993,-0.04609311196971938,0.3524236939760198,0.08398647290357891
-0.027379759621409747,-0.06352601867714458,-0.20415020130415099,0.07123049445814522
0.4321896775272705,0.7810844964595103,0.7395516377869638,0.05929514922699478
-0.05394764361619199,0.0015004980957596392,-0.12037028147379861,-0.00586386471882637
0.39529231957247835,0.3866592426894112,0.26961576656980935,0.02102651498577355
0.4316326932207851,0.6841981530624304,0.4219948379741155,0.10933346652704687
0.007853457485497706,0.4194661947578002,0.4871412100209914,0.02463029516515491
0.019040133221690556,0.02960226844976055,0.07484684628723864,0.08148489287921504
0.40893582764084785,0.566461699152818,0.6303012994926773,-0.06357278528389666
0.28374975659311924,0.17468451193516266,0.4574396557051499,-0.06962590407336147
0.23815782603483798,0.2895244940269625,0.568981337366993,0.07007937857098187
0.13123850227013953,0.24156221411148143,0.2689354011424369,0.15409113418631593
0.259854133904507,0.5722817814998886,0.41803445367489167,0.16860272341523835
0.4154538575169539,0.821952867952531,0.7329937601479439,0.057508555766037785
0.062314385291892135,0.16007424670548087,-0.02468294013615069,-0.049988044592917266
-0.25762738369816807,-0.027552035278418097,-0.07889458372361483,0.2175993023725571
-0.0284804808861175,-0.5607192211857457,-0.21183085074813165,-0.03321966062126387
0.25770719431908534,0.4081018963619454,0.21992396294033026,0.07186648248621504
-0.015862131353556755,0.1220008248243821,0.0847994003026363,0.08552821937428723
-0.05059191720942542,-0.24811847348671784,0.035303323781540386,0.025482823800320787
0.3143663064876594,0.6775177417789668,0.8171884703280643,-0.06542968489728532
-0.11164418521045259,-0.1848639975210467,0.17513819982485695,0.08465900640251861
0.2604040623840477,0.21407857118754212,0.5482570866521379,-0.1657218209278029
0.43042698741454777,0.7155697699106589,1.1146627608210276,-0.10190588807676938
-0.08454096713114982,0.34287305213007135,0.7974705749905238,-0.03018553774711638
0.08993159834649032,-0.00810484810588713,0.3081586720987633,0.04604615197718118
0.3077209296816225,0.26728701148383055,0.48743610037322005,0.1400287281177276
-0.1358392113724307,0.10917634468596582,-0.11036456865188346,0.07577194295703281
0.27619725549714447,-0.15291771910385515,-0.07605173378268618,0.053656892867645856
-0.25513213417096525,-0.35168032006628674,-0.11752325582691883,-0.012645530402418795
0.08791957951081221,-0.023975274435235616,-0.16870672089614627,0.025865166236383415
0.21729359376189178,0.261361694133631,0.35031191009601315,0.09393798939369188
0.10255351429341195,-0.26830225657442563,-0.08323924318471346,0.08818949983977178
0.4155542000570234,0.09558278260138352,0.0726992018899609,0.0538189600250157
0.06571882305269923,0.20095874432400646,-0.0595098078501988,0.12554601334565008
-0.16310224685908176,0.044346965290441576,-0.019833952520983966,0.10228587517264287
0.512032956058801,0.4480367509771345,0.3529194666187127,0.03965505176975096
0.3897277737293626,0.3616696775327759,0.4749230577305876,-0.13935563910104531
0.08123956346460035,0.4988643821965906,0.6803963459176058,-0.02671667019914882
0.09159315578984059,0.25640904890782945,0.35982161721176037,-0.08444283247753849
0.06651680071955951,0.13242209803079638,0.3038695551204955,0.059950307330054714
-0.1128944993792436,-0.10249135741940135,0.1958689084672358,-0.04776082411914363
0.22817738013115513,0.1681090366959112,0.5656356787424797,0.17371356518609518
0.33604838580897034,0.40403761926445425,0.3634704573729446,-0.00992996525487147
0.3129768569618231,0.4328295001457428,0.7404540618057807,0.03430033364676367
0.1767888054200532,0.21516033199388554,0.3573570009133819,-0.03156740866683416
-0.03152943989747457,-0.442046281763067,0.08039762304756179,-0.02838119292670674
-0.07616469168675742,0.08560413073024498,0.26945679191990757,0.048797908454716925
0.11350538038712342,-0.22526986263628357,0.11368655495023594,0.09342375255029968
0.06977314977117566,0.1739426916873891,0.06905785189234107,0.01754297288845056
0.0335118053316044,-0.07259852213256018,0.10923654966340159,0.19812146591531382
-0.11039655522200133,-0.2680757880799505,-0.1387161869894967,0.07790037136661473
0.08646778628798188,0.03126497780459861,-0.22724534589858694,0.2338665843165908
0.15241647065036504,0.5170323353756541,0.4176402374843426,0.0976620896047578
0.03436658861887866,-0.016714440447405027,-0.02849900370528302,0.1462409198072586
0.37999496147567907,0.21235622812043634,0.3346963851792352,0.099901495281078
-0.027065119563923698,0.0014513516219259448,-0.016917023877203063,-0.0002898915772215349
0.09965474387913337,0.3322919977165808,0.9429829700241188,-0.09567534281124336
-0.06525274430237686,0.11701084148863021,0.34270670766020067,0.011511678903804945
-0.23935766592113622,0.15523180802517544,0.2088482090894683,0.13689369009552538
-0.030701496128275926,0.04060811539142084,-0.27979525937314953,0.282876418479754
0.13993594328073308,0.19502703180089154,0.1859822143706575,0.04912497400282511
0.4320103508763909,0.4702435927884964,0.4897876585278472,0.13846930674163016
0.13722447657123193,0.14496459823668045,0.13237531282438914,0.23645119576613693
0.024738935176863666,0.04587781140251598,0.2788285339767666,-0.1698327786152683
0.03891113247610266,0.5713682079895505,0.44022999661288453,0.09450197886272038
-0.015070604688520714,-0.0004849011999774888,-0.09868712265974841,0.12952919549480996
0.0974978479493146,0.42072345890980833,0.1827602198678488,0.1333467306854208
-0.04113658569248756,-0.08512142290015234,0.02023783279793745,-0.07124459825136084
-0.00768370751603463,-0.08203440172412901,0.048470982619306435,0.018294197604863123
0.09819058954835506,0.44241556125107906,0.2784561648808522,0.12822848153633729
0.23820166346799965,0.4170483046195582,0.39236039656847144,0.1347722847007286
0.2700031406510716,0.13357223631373147,-0.04355754435713363,0.1724538918418714
0.4262126609446759,1.035729851233304,1.077931552283401,0.04771765494687515
0.2095291994777279,0.16120567018093454,0.17502079912191082,0.1073943552191844
0.11021766370898997,0.22445399684548056,0.17769513708847817,0.11119503122519353
0.10423130400711893,0.3858407874410505,0.6711066561976087,-0.13052176663554443
0.14072701602330995,-0.2008945787954346,0.033627422676287544,-0.06186249048834076
-0.12988520435378903,-0.16716644360680982,-0.05736377109024679,-0.12668211887882608
0.10635763982249441,0.01636539042361343,0.3315445070682032,-0.0029975602179321617
-0.2185361609882514,0.06447598375004092,-0.1878877768858538,0.08214257095869777
0.21767404291964706,0.8694216819787008,1.0057857180681162,0.08546562568081566
0.015986169923634677,0.44515517348152317,0.1065621410286599,0.06629291867845173
-0.10833878835494799,0.05651374194116057,-0.08746818405827358,-0.07536927132573353
0.3844974965788646,0.4824846941688494,0.7024403878713972,-0.11547489318159367
0.03957745035770495,0.20970990094580916,0.6194031193051458,-0.056220004168956464
0.18550653445188858,0.4626730864724647,0.17113161293845194,0.13074985122603622
-0.0790851934265054,0.06355506567030894,0.24557528753150198,0.04312867752231883
0.14572155384057353,0.1058577458640754,0.23443674950810356,-0.007804726333061757
0.002094126007455968,0.24054909109116698,0.4109505413301099,-0.015313194375503478
0.1934552102873518,0.276616575886358,-0.41628340527369956,0.17004684579469942
0.17862375578717443,0.09995711439931544,0.1554880136422065,0.025187271683132135
0.3803716940204177,0.3776312454736871,0.30133923888845143,0.020089315683616195
0.14318445653654793,-0.17305744328205175,0.2466486214432552,0.18620198174933267
0.2159776759764239,0.5743945295375377,0.7340738008445206,-0.012137973296412238
0.1706822438607128,0.25128207752015286,0.29849632553245753,0.16994832639353602
-0.03007875598386854,0.17844149445294677,0.20724398418833492,0.08274413854545526
-0.2268098891464438,-0.4494477309859665,-0.46768735189866295,0.05222978823180979
0.02681077838708286,-0.013324234480278085,0.021795570988495827,-0.05855661021870341
0.06309818416211677,0.2351493106043141,-0.3190477601588848,0.07928491729775286
0.053068246080036324,0.05323006847586967,0.19740786433945884,0.038033842678757424
0.2526666624244766,0.12340314856692822,0.07267881926281597,0.08020569257499333
0.019449617540744646,0.13162806022580065,-0.2193564619022674,0.07851735841936922
0.2444905777583118,0.46797585529135466,0.8808236395304887,0.015309494998602173
-0.26640158364635347,-0.36876384441142,-0.15359456026300863,-0.06797544175851195
0.305127784488312,0.6446960062221188,0.3665347347112306,0.19801771056551204
0.43717043186484195,0.4472393667939658,0.5739719599648443,0.0737151928167514
0.5503436173291564,0.6251547083742253,0.7221180998564499,-0.0001469207586021204
0.2997243493887768,0.2418650629225661,0.07726873693193731,0.05388578349719602
-0.14818357347467503,-0.04887015887161844,-0.12304470968481865,0.1920700665420894
0.23582589079081184,0.5685506873638159,0.4408536094372792,-0.035920052732011765
0.4888621426948801,0.42765866914263795,0.2962647722955394,0.027805283500162134
-0.05476035396293562,-0.1932889293031651,0.26467325439832107,-0.07297708524307385
0.06762139462351494,-0.031365659612653446,0.5204824230234113,-0.009440875230274912
0.2326319400659217,0.019285769675005393,0.07719771014884749,0.07394055787692783
-0.028778021148160096,0.07335859582529522,-0.13102317528987031,0.1535485249588901
-0.0005980291410687399,0.3020339822689413,0.23737539355466694,0.18744851339747187
-0.07293546063546368,0.2279970928878291,0.07870401827120105,0.11990185903779504
0.20621461553164927,0.2840220482141861,0.15195709871666224,0.0832516742332709
0.22700828835489667,0.3094249834471494,0.022341397884576647,0.07845437724104994
0.11221140590130607,0.0702208812254636,-0.02433120330442695,0.055049582921538026
0.2923633496989481,0.4911864252817752,0.5719189578281558,-0.026109363547333383
0.19536763955562964,0.4832310621829156,0.36465287356075626,-0.006143349322135928
0.05391445504653996,-0.08049810283341774,0.1560168576898785,0.06643931879984538
-0.14104898011713263,0.2212241225338078,0.22250091751351952,0.20147956394201905
-0.019740438837593036,0.10050588801176154,0.3354717761635814,0.17327418820474427
0.3175134977443561,0.12798423652704255,0.4189902867354265,-0.05536978531427554
0.17510316100630324,0.47236222994560256,-0.13870257475799566,0.06893810754589164
-0.1814094590509734,-0.06912712850797428,-0.05280960753861749,0.21150370886987796
0.1950780548920824,0.4870762022941668,0.2979777597464505,0.17382501279209378
0.312984224354711,0.7888694523486264,0.5906941166295054,0.07930959188159775
-0.24705968890803282,-0.41890932712869017,-0.14416309198959185,0.09860825042476744
0.23910966159095565,0.09411277527008409,0.19015575656440256,-0.030704469356410122
0.10409409200113953,0.1081410888710922,0.09136050620036479,-0.014400053336180371
0.30361316775607977,0.6454587596068908,0.9416686736542855,-0.22546097606275634
-0.010378885376313554,-0.040763201481311406,0.4567698972157337,0.007616537388721277
-0.03565273075121132,0.18814676702801386,0.1389489843246194,0.10535696906253689
0.2375663252146364,0.0235007331617543,-0.0004181120302315655,-0.08638479976707224
0.28278524082680545,0.3051426451939192,-0.46753432470493717,0.24644577010880064
-0.16212913471696033,0.015281063837457004,-0.012692458441295074,-0.10683025280121423
0.12359153619084853,0.11260809793315364,0.19918272004827825,0.09143127207723538
-0.19667818439133983,-0.0951527641151339,0.0876999708653452,0.050262723137475325
-0.29758609171262856,-0.052366909844902665,-0.0570649151076735,-0.011954403034926286
0.14082106218469512,0.2571866992097795,0.39526250807195795,0.05865833494154393
-0.13322136746443136,0.029203280519805586,0.2925774646682384,-0.10219038773833271
-0.08250732665440631,-0.1081472543702307,-0.11649294816440067,-0.0349568571053311
-0.14177149868625544,-0.1966076248235482,-0.4208174672630347,0.09571570862914128
0.2744182579981485,0.5504254019410916,0.7685966767412985,-0.07001638167232327
-0.007645095886333039,-0.012689293047685929,0.04077642364889972,0.0762047145353939
-0.03609603373153451,-0.1499492741095021,0.1222447860469427,0.11783693887006086
-0.27051245904997123,0.09419582850338301,0.20168693573464908,0.008097440991316977
-0.3336755726717824,-0.47481332556771433,-0.3275280151720681,0.19390338394799378
-0.016945254104605748,0.0884970864204335,0.015618109566878174,0.2128861500786413
-0.2130903595450322,-0.2369385793806153,-0.5903994691015411,0.1290032377833609
-0.25964916177432995,-0.20541395854003536,0.2793681613937608,0.04548222240925338
-0.09347790077011396,-0.0986203871578768,0.1997306767571969,-0.030820165355191123
0.3154135248666936,0.05069330858276369,-0.0035327285872572833,0.019985486248256114
0.06339709812784547,-0.26449353199137327,-0.24262985462888106,0.06621429503325371
0.1131562832576632,0.17066751525520069,-0.0055205674316359254,0.12644216378280926
0.22188912739990746,0.06002166399007591,0.5216840509932622,0.024981966059965045
0.004002083461548803,0.24513393172064316,0.005296683366425359,0.245383623193216
0.15739723896935806,0.31106582489546686,0.5179330869875636,0.21300532911489378
0.3036676628925067,0.26738188931052653,0.10633429721650337,0.08712669987433123
-0.1418770993317004,0.2981418808047741,0.704516263674156,0.026645264904651463
0.09873300961137475,-0.02958728019609197,0.04935069508743703,0.13404581170821522
-0.054616268913316626,0.19550192668442115,0.4383087867206932,0.22896972331031146
0.4254452483445104,0.18520982214536194,0.39024116695837696,0.10579033715815857
0.5078871552963714,0.5013079545516369,0.3639515978583475,-0.14943933224011585
0.12352713460630381,0.1215038439899303,-0.1680282907460526,-0.04520619991106259
0.05056182262423417,-0.0849666910407873,-0.016193993160533077,-0.2603002371115233
0.33370267724054326,0.38250341437535024,1.1706903406710936,-0.21709130154126627
-0.051683854136312116,-0.02193094450812802,-0.17067900906374786,0.1846297129053679
0.46456832836549544,0.27906234286032516,0.20238341775974047,-0.07544502966416859
0.0794821930689599,0.2768267445675512,0.01835150818488082,0.15125384588994334
-0.08127531738503883,0.12306732534103659,0.4714952394179196,-0.0170464799236726
-0.03992102350582734,0.48556734915171745,0.37300877944869876,0.13126196451724215
-0.1328087518788893,0.12108534283089148,0.2563037162103677,0.13027704592116546
0.348930273607899,0.48354912522915383,0.9186494125156893,-0.032792570572238874
-0.06168924862904705,0.039867564099067554,0.006581179410215021,0.04485871868600238
0.1562892774566531,0.4582381990495244,0.3775229844215252,0.09159146007784685
-0.009089009680581517,-0.1404978348235809,-0.251626744525301,0.05335413856725117
-0.23917625829901346,-0.8656053102961767,-0.1645389397829047,-0.06220037729087531
-0.4847988578743857,-0.537353234716835,-0.34066980379422873,0.11303854166164813
0.07998654214950349,0.27417908555873105,0.5603549243214186,0.00917966371364902
-0.09805776793037894,-0.0728772232711497,-0.1810377979489967,0.10497677987269621
-0.08150460586080015,-0.15391657870093772,-0.5143245557458737,0.23944230190157612
0.3533812504865075,0.2430149702813666,0.253080462775717,-0.1318698989528433
0.4340357114302529,0.6618659388625989,0.31857960426438336,-0.0014213563335765539
-0.11085570522997724,-0.07989523851981073,0.05222527972929342,0.0935977931402694
0.246627648106565,0.17837140581538005,-0.01247336233193777,0.18039406345704873
-0.04379961869025224,-0.09192480191326219,-0.19482269608439332,0.13883810629687535
0.08298675389953585,0.23075027059656664,-0.13631459440402996,-0.015257495917200006
0.026330177575811298,0.19325530812908676,0.5177659390597209,0.04953519460008945
0.22414344874679987,0.08045074024675955,0.029358043893168262,-0.07474877675942836
-0.06383938807762705,-0.06679046364752306,0.04663507256421018,0.038332116710378374
-0.30036487624619157,-0.14838843820063707,-0.21055019015218449,0.03744071342511135
0.3665830267158475,0.5279570656457668,0.7295925128819647,0.09176864640374661
0.07791100016055559,0.06832430620849543,-0.10313605094214831,0.21162860732627625
-0.06799875553031086,-0.3612378070740235,0.048869159260009176,0.022503791297074204
0.16758407896494357,0.013088185805947172,0.28789309428903054,-0.09233036452728623
-0.25250731382621666,-0.3555566356314465,-0.29395278878196973,-0.014100220747243292
0.25089607223523736,0.3090629859199502,0.3710865110186048,0.04012841500079802
0.12603858321074418,0.28933714306865693,0.33112355304574603,-0.05625445640129563
0.261860120251641,0.6459407137483305,0.30798532004439044,0.10405215004170332
0.1008562911256768,0.5413098579388214,0.8174804396351575,-0.14879325938515525
0.6830853090966106,0.9098660502926827,0.7684511210064645,-0.08379207270914417
0.21774151428400906,0.4742716379621858,0.390075874052158,0.04250554358317875
0.24882608216827723,0.501039524295483,0.8917198735561942,0.023943428311880708
0.004292682674229303,0.24640376884070736,0.4215363055422242,0.012103380836486294
0.27411603858189554,0.5201276853793217,0.45745557192836406,-0.0325973662901866
0.28799678750160523,0.1999756370360485,0.22546252192094782,0.053339501998599374
0.021842466007089043,0.3015652281488404,0.2202142048251052,0.0751964301989526
0.21191998403491835,0.5750916962115247,0.2301875254462365,0.08357691667009308
0.21940875679451421,0.22781222040895074,0.60488867408539,-0.20249571038115194
0.24168382057689586,0.5794666413040556,0.6109685522514513,-0.0062016309618408705
0.007443870401672936,0.43763045935206396,0.4911703026842402,0.007091678823494846
-0.09365769701945352,-0.14188294231763748,0.09729707330583874,0.04754590764672868
0.06215465843553846,0.0797667822606536,-0.23688852486943116,0.07830111730343159
-0.0817606002885251,0.15001987886768975,0.2813435578579032,0.27579122266580164
0.2490443202703606,0.13639661329209624,0.6034726352174867,-0.08568646419959426
0.0749843226921865,0.16568794158063363,0.2832033026850876,-0.016807557761063907
-0.04204750543496698,0.17299650039630937,0.4707032131123381,0.08024238969987948
-0.2840590921014362,-0.5081873880500807,-0.5363803123029323,0.01712302482810133
0.18137067344972263,0.48293593779703103,0.5950820134901348,0.0953026861647729
-0.04308470200540589,0.08472050460764113,0.1132121939353161,0.21534660032865494
0.44783923917027885,0.4049298348226271,0.3242195412854473,-0.004393447678219593
0.1189375027587638,-0.1253964568207836,0.008834791084650268,0.0017708842186499735
-0.2446693852914632,0.012457616204131938,-0.10601283569541844,0.045333462461163675
0.391406814910421,0.6190733002171096,0.8399146677105805,-0.024972951806593147
-0.3382475562312673,-0.011743739254127333,0.08108986353447165,-0.1262829241714289
-0.08592574827653439,0.28312177731771243,0.5702292728392238,-0.05032904287763361
0.048519735838040395,0.037965761961348765,0.03583914693548812,0.28289437499111114
0.13392522803473075,0.2385252879912396,0.2571278126130451,0.22303923871716047
0.3529381245063741,0.07575264876165085,-0.0203426966722334,0.06867455140623234
0.4612018140078035,0.19051866781964014,0.024059717979957734,0.03897627310140808
0.3917773347779844,0.32624127541159653,0.4881530628663995,-0.02933216815017696
-0.11189486436368433,-0.38400745035580003,-0.5157645676655361,0.10653088873495797
0.3001406386968039,0.7852159795309812,0.30453128205975244,0.08724056183751874
-0.30711349452871073,-0.28884631972638475,-0.12522342152336138,0.11312478319578652
-0.15375277580730745,-0.22818163920601126,-0.026136584152827713,-0.0013318849181049516
0.3514061621130331,0.5296193117076072,0.48185370859675725,0.024039054192426815
0.299535552199084,0.4491617890989781,0.6749357599775275,-0.008487457129413227
0.32320021970770146,0.7707715508660795,0.9407591017951042,-0.008413332366233171
-0.037283736115139396,0.18593122101271678,0.6447374724479874,-0.0210261067756035
0.024199377543474704,-0.00039833058812560607,-0.06979876172065833,0.10135336880114354
0.2770925312521687,0.3087111593759122,0.47243375830340495,0.044468525689136326
0.07180653567722346,0.21549684864156693,0.06503287346141468,0.0042119427711462196
0.38500463086488557,0.39257770852011287,0.2896980541742905,0.2884851663038543
0.4506224404919431,0.20160627377550522,-0.010719036536330134,0.05581379830469287
0.2631262623168138,0.31296912193262216,0.7219018070705323,0.08562145524570577
0.1942529519234233,0.4427419153534696,0.5355299221824714,0.07520687722247721
0.29056992322172703,0.5191949425546912,0.5166847533871008,-0.058860649045288246
0.10005213626166962,0.2745069783201569,0.06801675355227652,0.13051143354807893
-0.2999330753123575,-0.5985163061049277,-0.6716824801355382,0.2884097270497333
-0.03237556722508418,-0.29475454326614436,-0.35155639512633574,0.27693935221871496
0.2726341542593013,0.24536286479582217,0.17032761507305122,0.05634695934050034
0.37633472518660854,0.4966560843636844,0.741083621267056,-0.028849096493615667
-0.15204884561079113,-0.02332444041315479,-0.11480261765742814,0.131952242109391
-0.05450380817314161,0.0919507561239705,-0.3555516472618152,0.28909013586039584
0.2310832979568837,0.11881174330704326,0.3632061413614273,-0.12737824234336204
-0.04286494870918427,0.07660477575497723,-0.035406962653933866,-0.09929322009349344
0.016156638822297467,-0.0060043520697737884,-0.0956423226960029,0.07554199272112641
-0.38321767123817424,-0.5666144854034469,-0.5625887558555536,-0.05190234122864827
-0.1543282020089547,-0.4176543220183497,-0.7105537994393096,-0.037405771455770676
-0.44513724454712444,-0.257978087458325,-0.31663819662198,0.28172202053724243
0.331772084332144,0.2385250934489046,0.15582514326776892,0.07050989710516872
0.38640886810744407,0.17024938206309378,0.008308838913749339,-0.1247057002753811
0.27586413944484717,0.27416424257919547,0.263146141056909,-0.0884552380012265
-0.021024669662205522,0.168945943613016,0.1458322310402208,0.08058007648217282
-0.055358638376383565,-0.3759704198091192,-0.038146603850063715,0.126267836478056
0.21736339542146907,0.38278291530512276,0.6937212537495795,-0.05284808513831299
0.3444983868269355,0.6611688219169846,0.378971975541988,0.1591105398562919
0.15089448298195682,0.11664662453838104,-0.3761548570051164,0.26398496721376413
0.2870775617713531,0.4673622885844686,0.7088611665436408,-0.08461041377473612
-0.2812188059929384,-0.5248220691213263,-0.6045965935105532,0.09660832011338119
-0.2105526353380887,-0.23734376763393406,-0.32805447316062797,0.21324003972101668
0.30149743678508306,0.48168795400145026,0.362233433632444,0.011535208645508117
0.30160200216798416,0.5587273296510757,0.8021931993363742,0.1021391901339018
0.34458345060848705,0.26134891311807895,0.08766465048452429,-0.09907147370602366
0.0535487041700961,0.26105514968930127,0.535211635463788,0.05476337702217268
0.2393906250571891,0.35528500335687135,0.1916765133956268,0.18657046414340067
0.20312449620847095,0.34187149751592893,0.09187265045649501,0.19639280264817627
-0.05652252536317805,0.22516573110546267,0.2437540060829969,0.1489081102330347
-0.1142902558992611,-0.18194741356660565,-0.12154477457817128,0.11405343306035852
-0.1007776750387974,0.5147889210292392,0.3438484862197442,0.2322919449915406
-0.06206107702490342,-0.03061009995819533,-0.21120429229609913,0.1424406903688087
-0.0025933102160236587,0.016200765218430557,0.07835786168471753,-0.13839560118940353
0.2775508918838727,0.4997936100134639,0.2692361066226314,0.0008818023554805487
0.4539540190518256,0.47700633151004734,0.4286746005794302,0.11734203264943117
-0.055095284210695275,0.0272638944396614,-0.04511595094652329,0.08001236037850101
0.027406201229934438,0.35291346626531084,0.11188760158976267,0.10764412314791107
-0.42776429126474635,-0.28722054738847674,-0.23006770511324234,0.2524680829227066
0.0386341552963064,0.10551960682213889,-0.05873081054025456,0.046706719343661
0.38379395398789967,0.799581737126771,0.677085950264348,0.0854538950832341
0.24563332152501066,0.537092683762999,0.44933842092315734,0.18483841741342716
-0.06584274148632326,0.05125167941006567,0.14649725035834177,-0.015194133036181279
0.06664105314660224,0.22234339868851877,0.21503551037902688,0.027309531150178295
0.05384633501345718,0.13098140705036915,0.11576157038743934,0.17313311039032678
0.11923913702186505,0.135722821415316,0.04469712270104967,0.16623803515489263
-0.21844215747088003,-0.04115508897642814,-0.038562660026964096,0.14771308998502972
0.05280787293023405,0.11713883989966829,0.045014064740194315,0.14572824411213142
0.28335363053775187,0.2914074407782475,0.6675379340393772,-0.10953402087641849
0.43168368465382206,0.13176789777528683,0.2852858061637281,-0.15430179511749553
-0.46070370686196793,-0.35111534270392136,-0.4382650468319691,0.2675607296017683
0.09981380868829574,-0.11707197408632813,-0.14562789662005296,0.09876364482421532
0.1601638810145402,0.30825196093806984,0.05606925229724613,0.0887096126429272
0.11281884422657665,0.3634731345061308,0.36684625635808454,0.068972978370603
-0.10110816648119521,-0.21535094568577817,0.2869072903502289,0.02314896792917901
0.37382929850681373,0.47300693453517934,0.4182641281522699,0.03629711489899476
-0.10960000214377279,-0.12192700351466801,-0.011879811922564348,-0.005434058420816172
0.4729624573631013,0.7879423059896105,0.9131898490381417,-0.02203360891434039
0.5025547909860154,0.6320030073071983,0.397849558810947,0.025064405454877012
0.032924616284711855,-0.04508440623201501,0.0642320115541879,-0.04054046071932686
0.32699897854429943,0.5910820478491838,0.6087756084604593,-0.012451262447801793
0.3527780423586919,0.6001425529961364,0.6301270229228509,-0.16091773037765794
0.22753255119005134,0.071316621817806,0.2830276908497082,-0.011627391769677413
0.1827138579858919,0.17021553193491676,0.435455662669997,-0.036924993866685796
0.4007475513408332,0.3713473566573052,1.1513295224964575,-0.18493249437565712
0.19142235096709878,0.3018911339305366,0.47775893260947044,0.10571290730635549
-0.0688068738470456,-0.05820229965987175,0.07153888040007195,0.21171867285006113
-0.12367895915910963,-0.14940808690497592,-0.32763801925995406,0.008766365541802344
0.11930323123492412,0.12012110056600783,0.14285323464514377,0.15705354176293806
-0.15427822234883426,0.2972821949598797,0.414468191389443,0.08373667577528132
0.07557561646975278,0.22049255846100843,-0.1368297721949264,0.12875307995460933
0.04432240387346491,0.015993011916077854,0.26654988394640194,-0.06502278526698908
0.2137425465880611,-0.28741834210707473,-0.5125444848837698,0.13490032904374366
-0.13587109614672643,-0.07587286587521158,0.05390538098794753,0.17951573597537934
0.4537924406089021,0.6211216293928487,0.552394385789504,0.11857947801201162
0.409879794250256,0.7124198313247161,0.5373935928093697,0.03230574930892246
0.3560678611254181,0.1261188676417006,0.0916956982653819,0.08730767615201215
-0.07977632487772295,0.01899364658957442,0.18330656353901675,0.027241691016756293
0.11366574388904564,0.28248535240410266,0.34660873688710764,0.021864315042530502
-0.3081750207545366,-0.27762939328492864,-0.10710972553202577,0.0810501391124511
0.46097648473617153,0.4560516298283703,0.38526603753877875,-0.10276817044683488
0.029403950868436016,0.30537484400934867,0.4740958272821988,0.20183795192790405
0.1092536447801972,-0.039688798625390875,-0.02416681261827966,0.10533787656547332
0.46128152582680026,0.7495405798899339,1.0304370844979887,0.10237224268614184
-0.16782964607424583,-0.2097731186847397,-0.3140004365205833,0.12560706117217763
-0.10981637985422725,-0.14992531755574318,-0.4025551307861335,0.21870783749506267
0.2957667012613421,0.19315197915960322,0.44846891584831905,0.04250295586129473
0.09308707504681701,-0.08997269060178198,-0.10220270396937473,-0.028378199017909486
0.3824350318913546,0.5647120685118774,0.34552419998965833,0.09580265894404733
-0.24120072000729637,-0.2973361855339825,-0.14662792454323445,-0.11579603601399814
0.38888123039133227,0.4214175692286184,0.7687986496176858,0.10477641297521922
0.26855261519445456,0.29112771777216234,0.48822057007096253,0.1292028948508169
0.34403641664620704,0.6686962328094309,1.0085298633196362,0.0222079421618365
0.14284339157024925,0.15885746593250913,0.5005436276713556,0.036281743107836856
0.10265509166387617,0.49448703263297716,0.5931037888552572,-0.07805173124218813
0.07504712487956036,0.013455276326129778,-0.001408438833547243,0.20945943755630309
0.007288912062491881,-0.2088217976305749,-0.32485853904560813,0.19802629928236903
0.1302286316720206,-0.031801429682058374,-0.04003324104116865,0.02906377168575198
0.15445106722714283,0.055878484059147124,-0.04687988018321351,0.10786988602711489
0.1577452519726914,0.29355376448694087,-0.08782434402356079,0.15264015644048481
0.008746098333683644,0.35001786873624907,0.3444009259146107,-0.0863938746824318
-0.21918161703163608,0.17073542193271335,0.2201250906852031,-0.1169185898835076
0.20447131892431564,0.10356337928341083,0.24547248278598854,-0.04649359725508233
-0.28362648660743517,-0.38091032481736414,0.05325516514428327,-0.03522831844328618
0.19731622733921356,-0.004322940988502083,0.3593976135454413,0.054031051898089245
0.18131883681957794,0.6470971643481118,0.16408769385845648,0.20101766420264705
0.4538785215414074,0.6112053979751462,0.8916224063872267,-0.015340338698070638
0.12079992551232877,0.14835220419281536,0.40891346169934606,0.08839970206406353
0.0896652016436042,-0.05835380180428998,-0.0009650361791256612,0.011126690360985708
0.019404961745962263,0.23676199268200954,0.27868971660742603,0.15126845351992682
0.35757618063855895,0.5938853426894006,0.5586934654463441,0.037921106898129345
0.15422533816041192,-0.02703829829670809,0.08955627651077236,0.005055707000263157
-0.11624234294454062,-0.19072963908686252,-0.5409332224141491,0.0644644864359938
0.4553324613468559,0.23389722261536092,0.17596838769265075,-0.10958459156130294
0.20310210107370855,0.3234139841779205,0.10518119257767808,0.2118388026246063
-0.13384243525676592,0.4391017876496647,0.5568157441128878,0.030829352076438745
-0.08398372655796156,-0.10170684497939997,0.08487150333768495,0.1913348689489085
0.070406058929597,0.2718097414773642,0.00380773947462984,0.05641797865009037
0.17628524783373872,0.25208191283948855,0.4770159216614993,-0.013249922615569731
0.02416699154163962,-0.0899681960252981,-0.18226324150476605,-0.03866972868956822
0.21172189543463044,0.12389179212313198,-0.15341964794740962,0.03818608897757382
0.46811513014031253,0.47165283862816887,0.16537530320777183,0.03524237304920362
0.16403420541280328,0.49323667949597044,0.3287530334717125,-0.07393671932325444
0.1315181211083056,-0.007053774247694128,0.3319217054676199,-0.08280359850801407
0.1691463547353567,0.2020939361541298,0.3092986551010589,0.03589257294705467
-0.012179718265460729,0.3778383930726851,0.5257421302609263,0.12950043579913373
0.11684285645181937,0.4178228952808774,0.44062010805546725,-0.005715859503827692
0.3080882856135748,0.02212548058316907,0.228117984356498,0.014235742199983865
-0.07927579072788384,0.11249235901168599,0.4499619427699144,-0.07437419068739283
0.24014424540922913,0.4468502226427118,0.44348861149675867,-0.008118637601412335
-0.07016976400141618,-0.1235140287707236,-0.1148486218240202,0.06020318455646662
-0.07253339397034513,-0.33454897857185556,0.2985961240687152,0.0519236084300407
-0.27474816687367565,-0.013360108722678649,0.016206825654090345,0.19687425046413237
0.13516279304230483,0.27595841430076196,0.21808420167368475,0.14788185990615343
0.20650693146945526,0.09429295901998767,0.2929029284736183,-0.00236161658806696
0.36675926440340073,0.2283533766833239,0.17480607956409744,0.3302554635113184
0.23703406135151456,0.7989683969806745,0.702301571132553,0.0397586688547355
0.18032495482259475,-0.23164470867061626,-0.23035875603035302,0.12861333260051516
0.15571995152804075,0.11013649370487191,0.2254194614974391,0.02663795615732721
0.18403559803357056,0.13557348229582908,0.13478252623370246,0.0755023307673268
0.28643314079814275,0.06527532942788097,0.1871174678897919,0.12178419428130291
0.1524627602691726,0.06071056272945073,-0.04437092620007846,0.10820193575710046
-0.17193474815384674,-0.3557145750064808,-0.2945727342274378,0.035579691501950575
0.2945784045488791,0.13977068912820398,-0.015544090133724736,0.06028151690220583
0.0471859480874222,0.005424440451251927,0.0024803217853065496,0.053324100823427964
-0.1220134194681771,-0.04392942631951041,0.31066667151855154,-0.08912735340111665
0.13004077670933464,-0.04747892298134468,0.009738905058251257,0.0024705666084595818
-0.031068889614244408,0.020486922298848076,0.4223968440966107,0.06322422269436762
0.11644905694953257,0.3401692692427196,0.506109918575762,-0.10829660311391022
0.18523908178761012,0.28990895413220374,0.5431558650461586,0.16714401984873548
0.015695934486942842,-0.23398881456597986,-0.22227245891967432,0.2191046526450729
-0.046023239392010265,0.1526237526747626,0.1800950016416608,0.12833879731039793
-0.08880995938832055,0.11640163008759154,-0.057608899402439046,-0.006279554428332015
0.38575848563606524,0.5487710811078728,0.7825625558135051,0.06252302164218698
0.18706163803681583,0.3397030924840083,0.525594928903735,0.08686033228832914
0.5405449432564534,0.7339020848632964,1.0122165992182135,-0.20566676550145502
0.010918790476143733,0.06535069649907788,-0.17015723617312903,0.1439311299363802
0.41960767483643485,0.5561241609909879,0.6904093748043513,0.1338295478814967
0.11392905187984982,0.27336045178332447,0.07738517739492223,0.17061990200287075
0.31934575905240725,0.2538789302763913,0.5201950565995775,0.09383403620984493
0.31682566369914505,0.5373892000082106,0.7858175781363459,0.010240216221970987
0.08392361340715794,0.3450669014745675,0.24047678243370585,0.0678869830055872
0.11820073997277174,0.08385174190086733,0.06360275764961332,0.1967851565555948
0.5866284749936764,0.6895154201437426,0.9608806932314056,-0.13119751837732002
0.25136476360658794,0.7616368866591889,0.6756705372674673,0.06096912938564397
0.22711055651568823,0.6764879478203891,0.0234873852368801,0.09650042675139366
0.16266688474928934,0.11225378371464875,0.04567855515883473,0.11843328615661515
0.34685976855096984,0.838128210397004,0.4883613635957972,-0.06944425559097073
-0.1157375966786972,0.1502200919354229,-0.3246864659498383,0.1851387801492108
-0.1117271888240468,-0.46733614221316416,-0.6047679569873566,0.1827662890656621
0.07451554825524123,0.5956548073076655,0.7790559973474229,0.1771899910195891
0.002654128082839158,-0.16752423119240079,0.1774862186707252,-0.101396460574167
0.14866037802810544,0.28892758718930506,0.22078950232110683,0.06702204969682221
0.09544493452000517,-0.33059484150129465,-0.4294038495256268,0.15284984206782787
0.07934353879040026,0.2953173765270924,0.6541927771335534,0.06550524689661796
0.0140831195784612,0.2492820165441904,0.4341005502905775,-0.0021222045886715654
-0.21818586031649279,-0.23202235282435224,-0.6446467565137809,0.08687286481380693
0.22696779265571054,0.08359402227836588,0.020491626731413304,0.16267078980161948
-0.11041213860303743,-0.3712543210552515,-0.2894063589797592,0.048769911335260485
0.24956058132784598,0.20474942922878417,0.19822763577799954,0.12446513576943767
0.3623146541385401,0.544285283444177,0.3724258761253355,0.013099954163003635
0.0989877516321459,0.37363097197918604,0.3698940205324739,0.06982860785463776
-0.34764442034902643,-0.1966589381498497,-0.305452765248148,0.13636393251516327
0.11895442351392402,-0.11452414503030683,0.09080665279409067,-0.04543308223750411
0.37995752148107426,0.2975373681109129,0.46823985124510903,0.10465931720226077
0.43126341044175664,0.5351780415649283,0.6138983132664212,-0.2068023421796934
-0.24805156004056894,-0.42492628004952543,-0.41355651369633917,0.12321326573956905
-0.23397586908242302,-0.23086949562717118,-0.29235294835745473,0.1705031977254986
0.418305753810755,0.1379033246866187,0.2708125315291589,0.08731383766598504
0.5599201775921127,1.0189952638934134,1.1639460464897795,-0.025327750263724608
0.18927276890404443,0.5452107226985812,0.7662009701414686,0.06564493638504298
0.23411396872933254,0.6167688256023351,0.7937883475911245,0.15362134331115324
-0.05742569418171138,0.1812703194598463,0.02851365310629092,0.17548424155823633
0.35866231129528253,0.37591155656499714,0.534147269821166,-0.026204934167458963
0.2370117357346606,0.33065995839575735,0.5827553498035681,-0.09612263472207043
-0.0570593072549123,0.0439648064583362,-0.10624564541774043,0.21471884621734583
0.4492537482842544,0.44961704114222695,0.4362556107197766,0.08239205589324447
0.27891828704375293,0.2297310707706766,0.16400773864831394,-0.08032236523709523
0.014471093575038063,-0.07104775420903586,-0.1161219589257628,-0.0020705453683267164
